Sentence,Sentiment
এই গানটো কোনে লিখিছিল নো?,1
মাকচুদু,0
বৰ্তমান সময়ত এনেকুৱা মধুৰ গীত শুনিবলৈ পোৱা বহুত কঠিন ,1
 কি গান গাবলৈ আহি ছ,0
গানটো গাবলৈ লাজ নাই,0
শুনি থাকিলেই শুনি থাকিব মন যোৱা কালজয়ী গীত,1
পুৰণি কুসুম দা আকৌ উভতি আহিছে,1
"এজন চৰকাৰী বিষয়া হোৱাৰ বাবে, মই সদায় মোৰ ঘৰৰ পৰা হাজাৰ কিলোমিটাৰ দূৰত আছোঁ..আৰু যেতিয়াই মই দুখ অনুভৱ কৰোঁ বা যিকোনো বস্তুতকৈ মোৰ ঘৰটো হেৰুৱাওঁ, মই কেৱল এই গানটো শুনো",1
এইটো চাই অসমবাসীৰ মৃত্যু হৈছে,0
এনেকুৱা ধুণিযা গীত কত পাম।,1
আসক্ত,1
মজা লাগিল ভাল লাগিল বহুত আনন্দ পালো,1
কি ফালটো গান বনালে ,0
কি যে সুন্দৰ গীতটো,1
ইমান ধুনীয়া গান টো,1
একেবাৰে ফাল্টু।,0
ভিকাৰি নেকি বে,0
এই গানটো শুনি মই বহুত ভাল অনুভৱ কৰোঁ।,1
গৌৰৱৰ কথা এয়ে যে কমেন্ট বক্স ত গৰিষ্ঠ সংখ্যকে অসমীয়া ত কমেন্ট কৰিছে,1
বাল ভিডিঅ',0
কি নৰক ভাই,0
গৰু,0
আজিৰ আধুনীক দিনৰ বিহুৱে এনেহেন বিহুক ফেৰ মাৰিব নোৱাৰে,1
ইমান বেয়া গাই জ সব গানত তাক মাৰিব আহে গুণদা বোৰ,0
অনুগ্ৰহ কৰি মূৰ্খ ৰখা বন্ধ কৰক,0
এই লোকসকল  অসমীয়া গীতৰ  পতনৰ বাবে দায়ী,0
এটা গান কিমান শান্তিপূৰ্ণ হ'ব পাৰে,1
হৃদয় স্পৰ্শকৰা গান,1
লাভ ইউ জুবিন দা,1
সঁচাকৈ গানটোৰ পৰা বহুত সাহস পালোঁ,1
সৰু কালত ৰেডিঅ'ত শুনা গান এতিয়া শুনি চকু মুদি সৰু কালৰ দিনবোৰ ৰোমন্থন কৰি আছো,1
নিলাজ,0
কবোলৈ একো ভাষা অ নাই,1
" গীতৰ জাত মৰিলে",0
মজা ভাই,1
অসমীয়া সংস্কৃতি ধৰি ৰখা অতি অতি কৈ সুন্দৰ গীত,1
আপুনি আমাৰ অসমীয়া সমাজৰ বাবে এটি উজ্বল তৰাৰ দৰে,1
মই এতিয়া বধিৰ আৰু বোবা।,0
জুবেন ... কি নাম .. কি কণ্ঠস্বৰ... অবিশ্বাস্য ...,1
মই শিল্পী আখ্যা দিব নিবিচাৰো,0
ভাই শুনি আমনি লাগিল,0
কি ফটোৱা,0
সঁচাকৈ অদ্ভূত আৰু মোহনীয় গান,1
আহঃ ইমান ধুনীয়া বিহুগীত,1
এই বোৰ গান হল নেকি কেলা হুত,0
বাজে কথা ,0
একো অৰ্থ নাই গান টোৰ,0
এই গানটো সৃষ্টি কৰাৰ বাবে আপোনাক বহুত ধন্যবাদ,1
বৰ ভাল লাগিল আৰু আছে যদি দিব,1
সোণালী গান।,1
"ঢোল পেপাঁৰ সুন্দৰ শব্দ শৈলীৰ মাজত সাজ পোছাকৰ বিভিন্নতাই গানটোক বিকৃত কৰা যেন অনুভৱ হল,আপোনাৰ পৰা ইয়াতকৈ বহু বেছি আশা কঁৰো",0
"ফফৰা  লোকৰ গানেৰে জনপ্ৰিয়তা গোটালে কি হ'ব,সচাঁটো ওলাবই",0
"খেকাৰ লাগি আছে কাহ এটা মাৰি গাব লাগিছিল ৰাকু দা",0
যান্ত্ৰিকতাই গচকি পেলালে,0
শেষলৈকে সহ্য কৰিব নোৱাৰি,0
"কিমান যে শুৱনি আগৰ গীতবোৰ ,এবাৰ শুনিলে আৰু শুনি থাকিবলৈয়ে মন যায়।",1
এই গানবোৰ শুনি সকলোৱে মৰিব,0
ধুনীয়া গানটো শুনি কমেণ্ট পঢ়ি থকা সকলৰ বাবে ৰঙা চাহৰ ব্যৱস্থা কৰা হৈছে৷ অনুগ্ৰহ কৰি গ্ৰহণ কৰে যেন,1
সদায় প্ৰিয়  একান্তই নিজৰ অনুভৱ,1
পাগল মানুহ,0
গীতৰ কথা কি সুন্দৰ,1
এই মূৰ্খ ব্যক্তিজন কোন,0
তই এটা মক্কেল যোহৰা,0
এই আৱৰ্জনাবোৰ কিয় আপলোড কৰিছা,0
আপোনাৰ গানৰ ভাষা-শৈলীৰ এটা সুকীয়া মাদকতা আছিল। এইটো গানত বিচাৰি নাপালোঁ,0
এনেধৰণৰ পুৰণি বিহু মাজতহে বিহুৰ আচল মাদকতা সোমাই আছে,1
মোককেল কেলা ঠাকুৰীয়া,0
জীৱন কাইটীয়া হ'ল,0
 তুমি নিজে ভাল  গান ওলোৱা আৰু গোৱা,0
দাদা মোৰ সদায় প্ৰিয়,1
আপুনি গান গোৱা বন্ধ কৰা উচিত,0
আমিবোৰ যেন পশ্চিমৰ সংস্কৃতিত লীন গলো,0
মাকচাই দিনটো লাগি আচে চেত,0
ফালি দিচা ভাই,1
সঁচাকৈয়ে এডাল ধুনীয়া শব্দৰ মালা,1
হৃদয় স্পৰ্শকৰা গান,1
আপোনালোকে এনেকৈ জনপ্ৰিয় নহলেও হব,0
 ফালতু গান,0
কাউৰীৰ গান আপোনাৰ তকৈ ভাল,0
"মই মোৰ আইতাৰ সৈতে চিকিৎসালয়ত আছিলো আৰু মই দুৰ্ঘটনাক্ৰমে এই গানটো বজাইছিলো, চিকিৎসালয়খন এতিয়া এটা কবৰস্থান",0
এই লোকসকল কোন আৰু তেওঁলোকৰ অস্তিত্ব কিয় আছে,0
চুঁৱৰ,0
 ফকতীয়া  গান,0
মনতুত নতুন গানবোৰে আনন্দ দিয়ে কিন্তু এনে গানে হিদয়ৰ মাজত মৌচুমিৰ মলয়া বতাহ বলাই মন হিতল কৰি দিয়ে,1
এই গীতটোৱে সমগ্ৰ অসমসংস্কৃতিক আক্ৰমণ কৰে,0
লিৰিচ্ছ বোৰ ভাল কৰা ভাই জা তা গাই থাকিলে কি হব,0
"এইটো কেৱল এটা গান নহয়, এইটো এটা আৱেগ",1
এনেকৈয়ে আগুৱাই যোৱা তুমি,1
মানুহে ইয়াক কেনেকৈ গ্ৰহণ কৰিব পাৰে?,0
ই ইমান আৰামদায়ক,1
"তহতক কুকুৰ বুলি কলেও কুকুৰকেইটাক হে অপমান কৰা হব।",0
কিযে অপূৰ্ব সংগীত,1
লাইকতকৈ বেছি অপছন্দ আছে,0
হৰামি,0
মই বহুদিনৰ পৰা গীতটোৰ আপেক্ষা কৰি আছিলোঁ ।,1
এই ভিডিঅ'টো চোৱাৰ পিছত মই এতিয়া চিকিৎসালয়ত আছোঁ,0
জুই,1
বৰ্বাদ গীত,0
বহুত শুৱলা হৈছে ,1
এই গানটোৰ অংশ হোৱা সকলোৰে বাবে লাজ,0
মন প্ৰাণ কাঢ়ি নিয়া সতেজ বিহু,1
সুকন্ঠৰে সভ্য গীত গাব লাগে,0
এই গানটোৰ সকলোবোৰ আমনিদায়ক,0
অনুগ্ৰহ কৰি এই গানটো নিষিদ্ধ কৰক,0
মই এই গানটো নিৰন্তৰ শুনি থকাৰ কেইমাহ মান হ'ল,1
সঁচা অসমীয়া যদি অলপ নিজৰ মৌলিক চিন্তা খটুৱাই কাম কৰক,0
মই ভাল পাওঁ যে অসমসংগীত উদ্যোগ ক'লৈ গৈ আছে।,1
এই গীতটিয়ে মনটোক সতেজ কৰি তোলে,1
এই গানটো ইমান আৰামদায়ক,1
বিহুৰ প্ৰকৃত ৰস আজিহে পান কৰা যেন লাগিল।,1
চমৎকাৰ ,1
কি ফকতিযা গান কেলা,0
ৰেপৰ্ত মাৰি দিলোঁ,0
যাদু এটা আছে এই কণ্ঠত,1
"গু খাই ভালপোৱা মানুহ থাকিলে হাগিবই লাগিব ন! হাগি যোৱা এনেকৈ।

",0
"ফতুৱা,অবদ্র অসমৰ নাম জাত যাবলে গান গাবলৈ সাজু হৈছ",0
এইটো সচাকৈয়ে প্ৰশংসা কৰোঁ।,1
আকৰ্ষণীয়,1
এই পাগলটোৰ  পাগলামি বাঢ়ি গৈ আছে ।,0
মোৰ বাবে এই গীতটিয়ে শ্ৰেষ্ঠতম হৈ ৰব,1
গান গাবলৈ এৰি দিয়ক,0
মৰহি যোৱা অসমীয়া   গীত  আকৌ জীপাল হৈ উঠিছে,1
মুখ দিয়ে গাইছে নাকী নাক দিয়ে গাইছে বোঝাই যাচ্ছে না,0
আপুনি কেতিয়াও আমাক অসন্তুষ্ট নকৰে,1
আজি প্ৰথম বিহুৰ দিনা প্ৰকৃত বিহু চাব পাই ধন্য হৈ গলোঁ,1
"ক'বলৈ শব্দ নাই, বিশেষ ভাৱে সক্ষম সকলক বহুত উৎসাহিত কৰিব",1
হৃদয় চুই যাই,1
সুন্দৰ বিহু গীত,1
আজিকালি বিহুবোৰ কিবা দুদিনমান শুনাৰ পাছত আকৌ শুনিবলৈকে মন নাযায়।,0
ভাল নালাগে এইবোৰ ককা,0
ফকতীয়া গান বনাব আহিছা,0
কেলা চুলিৰ দোকান,0
গানটো শুনি থাকিলে সঁচাকৈ ফাগুনৰ পচুৱাই যেন ৰঙা পলাশৰ সৈতে মনটো বহু দূৰলৈ উৰুৱাই লৈ যায় তেনে লগে,1
"আপোনাৰ গানত ৰস বহুত আছে , বহুত ধুনীয়া",1
"অসভ্য শব্দৰে কিয় নিজৰ সুকন্ঠক বলি দিছ
",0
এবুৰ বাল গান ,0
আপুনি গান গোৱাৰ ধৰণটো মই ভাল পাওঁ,1
 আজি দিনত হেৰাই গল এইবোৰ বিহুৰ,0
মোৰ অতিকৈ ভাল লাগে পূৰণি বিহু,1
মোৰ ভৰিবিলাক বিষত আছিল আৰু এতিয়া মইও অন্ধ।,0
জয় আই অসম!,1
অনুগ্ৰহ কৰি এই গায়কৰ একাউণ্ট নিষিদ্ধ কৰক,0
.মই অসমবুজি নাপাওঁ কিন্তু মই এই সুৰ আৰু সংগীত ভাল পাওঁ,1
কাউৰীক ভয় খুৱাবলৈ সৰ্বশ্ৰেষ্ঠ গান,0
"বুঢ়া চেও ঢোলৰ তেনেকুৱা থাকিলে শুনিব মন এটা আছিল
",1
কি অপচয়ৰ গান,0
আনৰ গান চোৰ কৰোতে জাবো,0
কেতিয়াও পুৰণি হৈ নোযোৱা গান,1
কি ঘেন্টা গান হৈছে এইটো,0
কি ফালটো বে,0
সুন্দৰ নিদৰ্শন,1
 ইমান ফালতু আৰু ফকতীয়া গান খুনা নাই,0
বিহুসূৰিয়া গীত,1
গানটো মোৰ প্ৰিয় হৈ গল এইকেদিনতে,1
বহুত ভাল লাগিলে আত্মবিশ্বাস থাকিলে মানুহে কৰিব নোৱাৰা একো নাই,1
এইটো সঁচাকৈয়ে ধুনীয়া।,1
অন্য এটা প্রিয় গান।।।মন শান্ত কৰি দিয়ে।।লগতে কিছু দুখঃ দিয়ে।।আবেগিক হৈ পৰো,1
আপোনাৰ সৰ্বনামউন্নত কৰক,0
তাহানিৰ বিহুৰ আমেজেই বেলেগ এনেকুবা বিহু আগলৈও আশা কৰিলো।,1
অসম আৰু অসমীয়া গান ,1
এনেকুৱা গান আৰু লাগে,1
সচাঁই কি ধুনীয়া বিহু,1
চিৰ যুগমীয়া গীত,1
এই গীতবোৰে আমাৰ অসমী যুৱকসকলক ধ্বংস কৰি আছে,0
নতুন গান আহিব আৰু যাব কিন্তু এইটো গান‌ চিৰযুগমীয়া,1
তালৰ নামত বেতাল খন গাইছে দাদা,0
ক'ব নোৱাৰাকৈ হঠাৎ অশ্ৰু নিগৰি আহিল।,1
মোৰ কাণ ক্ষতিগ্ৰস্ত হৈছে আৰু মোৰ চকুৱে কাম কৰা নাই,0
"হই অ, অসমৰ বিহুৰ আজি কালি গায়ক বিলাকে শেষ কৰি দিলে, চব বিক্ৰি  কৰি নিজৰ পেত ভৰাইছে

",1
গানটো বহুত ভাল পাওঁ,1
এটো গান হল নেকি ফটোয়া গান বোৰ গাই গাই বিখ্যাত হৈছো,0
বাপেৰৰ মুৰ টো গাইছো‌ তোৰ থব্ৰা নাই হিৰো হোৱাৰ,0
গেদা,0
"অসমৰ সৰ্বকালৰ এক অন্যতম শ্ৰেষ্ঠ অভিনেতা ''বিজু ফুকন "" ! অসমীয়া বোলছবি জগতলৈ আপোনাৰ মহান অৱদানৰ বাবে আমি আপোনাৰ ওচৰত চিৰ কৃতজ্ঞ !",1
তেওঁৰ ভিডিঅ'বোৰ চোৱাৰ পিছত মানুহবোৰ পাগল হৈ পৰিব।,0
" এতিয়াৰ সংগীতৰ উঠিৰজা বহিৰজা পাৱতগজা সকলে মিলিজুলি বিহুক পইছা উপাৰ্জনৰ মেচিন কৰি পেলালে, হত্যা কৰিলে।",0
লৰা ছোৱালীক কব পাৰিম। আমি জুবিন দাৰ গান শুনি ডাঙৰ হোৱা।,1
মোৰ এটা প্ৰিয় গান,1
২০২০ চনত কোনে কোনে চাইচা কমেন্ট কৰিবা।,1
ইমান সুন্দৰ সংগীত,1
মই এই গানটোৰ বিষয়ে এটাও ভাল কথা ক'ব নোৱাৰো।,0
কিছু ধুনীয়া গান।এবাৰ নুশুনাকে থাকিবই নোৱাৰো,1
"এটি গান, অতুলনীয় গান  গানৰ শবদবিন্যাস আৰু আলোকচিত্ৰ সংগ্ৰহ সঁচাই অদ্বিতীয়",1
কিয় এনেকুৱা ৰুপ লৈছে আপুনি,0
এতিয়ালৈকে আটাইতকৈ বেয়া গান,0
বিহু বিহু লাগি গৈছে ও ইমানে মজা কি কম,1
আনকি শিশুৱেও ইয়াতকৈ ভাল প্ৰদৰ্শন কৰিব পাৰে,0
এই গানটোৰ প্ৰতিটো শব্দই হৃদয় স্পৰ্শ কৰে,1
খুব বেয়া,0
অন্ততঃ আপোনাৰ পৰা এনেকুৱা গীত আশা কৰা নাছিলোঁ,0
কবলৈ গলে আমঠু ৰঙালী বিহুৰ এয়াহে আচল বিহু,1
"ঐ কেলা মানুহ মৰিৱ তোৰ গান সুনি।তই গান নাগাৱি",0
এনেকুৱা গান নাইকীয়া হৈ গৈছে,1
কিমান ভাল লাগিছে তুলনা কৰিব নোৱাৰি ,1
গান শিকক তাৰ পিছত গান গাবলৈ আহক,0
"ভাল লাগিল আকৌ কিবা এটা নতুনত্ব দেখি,",1
বহুত কষ্ট হৈছিল,0
মোৰ প্ৰিয় গান,1
আজিও চিৰ যুগমীয়া এই গীতবোৰ ,1
সৰ্বকালৰ সৰ্বশ্ৰেষ্ঠ,1
 ইতিমধ্যে আঠ বছৰ হৈছে আৰু মই এতিয়াও এই গানটো ভাল পাওঁ,1
বোবা,0
অসমীয়া সংগীতক আগবঢ়াই লৈ যোৱা বিশ্ব দৰবালৈ ,1
মই যি শুনিছোঁ সেয়া এতিয়া বমি হ'ব,0
আপুৰুগীয়া গীত,1
গৰিলা,0
মই এই গানটো প্ৰতিদিনে বজাওঁ,1
গান বোৰ অলপ ভাল দৰে গাবা,0
নিৰ্লজ্জ ,0
এয়াহে আচল অসমীয়া বিহু,1
বাপেৰৰ মুৰ টো বনাইছো,0
মোৰ কবলৈ ভাষা নাই..,1
সস্তীয়া জনপ্ৰিয়তাৰ কাৰণে সেইবোৰ নকৰিব।,0
বহুত ভাল লাগিল গানটো শুনি যদিও মই নৱপ্ৰজন্মৰ উথি অহা চামৰ লৰা তথাপিও মই এনকুৱা পুৰনি গান বোৰ শুনি বহুত ভাল পাও,1
মই অসমভাষা জানো আৰু মই এই গানটো ভাল পাওঁ,1
যেতিয়া নিজক অকলশৰীয়া অনুভৱ কৰো তেতিয়াই এই গানটো শুনি দিও নিজকে শক্তিশালী অনুভৱ হয়,1
 একদম ফালি দিছা,1
আপুনি ভাবেনে যে এইটো কোনো পছন্দৰ মূল্যৰ?,0
চুৰ চালা,0
এয়া-আচল অসমীয়াৰ বিহু,1
ইমান ধুনীয়া বিহু গানবোৰ শুনিয়েই সৰুৰ পৰা ডাঙৰ হ'লো,1
মোৰ সকলো সময়তে ভাল লগা গান এইটো,1
সংগীতৰ ৰজা তুমি দাদা।ভাষাহীন আবেগ তোমাৰ প্ৰতি।,1
মাই গদ হি ইচ মেদ কেলা,0
২০২০ কোনো শুনি আছা।,1
শব্দৰে বুকু ভেদি হৃদয় স্পর্শ কৰিবলৈ সক্ষম হোৱা  গান,1
তামাম,1
গানটো শুনি বহুত ভাল লাগিছে,1
অই ফোটোৱা মৰি জা না কেলা,0
সুৰ অন্তৰত  সোমাই গৈছে,1
জহৰা ,0
"নিজৰ প্ৰতিভাৰ ওপৰত বিশ্বাস ৰাখি আগুৱাই যোৱা ।",1
"গেচদি অসম শেষ হল",0
মই পক্ষাঘাতগ্ৰস্ত,0
শুনি থাকিলেও আমনি নলগা আপুৰুগীয়া গীতটিৰ ভিডিও সহ চাবলৈ সুবিধা কৰি দিয়া বাবে অশেষ ধন্যবাদ। ,1
আমাৰ দিনৰ গান,1
ধুনীয়া লাগিছে নীল আকশ দা,1
শব্দবোৰৰ প্ৰেমত পৰিছো,1
মই ইয়াতে মৰিছিলো,0
"এই খাৰ খোৱা অসমীয়া বিলাক সলনি কেতিয়া হব

",0
এয়া হৈছে এক সম্পূৰ্ণ নতুন স্তৰলৈ অসমী গীতৰ উদ্ভাৱন।,1
এনেকুৱা গায়াক আৰু অসমত নওলৈ,1
"অসভ্য, লেতেৰা, কুকুৰ, নিলাজ, পাগল, বনৰা",0
"পুৰণি গীত বোৰ বাৰে বাৰে শুনিলেও মন ভাল লাগে",1
বৰ সুন্দৰ,1
"মন'লৈ গভীৰ প্ৰশান্তি অনা এটি গীত ।নিজ'কে হেৰুৱাই গীতত বুৰ গৈ আছো,আগলৈ আৰু সুন্দৰ গীত শুনাৰ আশাৰে, বহুতো শুভকামনা",1
মোৰ কাণৰ বাবে নিখুঁত অত্যাচাৰ।,0
চুৰ কৰা গান,0
নুশুনিলেই হল,0
এই গানটোৰ কথাবোৰ ইমান অৰ্থপূৰ্ণ,1
কি লেকিচা বে চি,0
বহুত ধুনীয়া হৈছে মোজা মোজা,1
হতাশাজনক,0
অবাইচ প্ৰানী,0
হাগুৰা ৰাজকুমাৰ তাৰ মককেলামি সা,0
মই এই গানটো মোৰ অন্ত্যেষ্টিক্ৰিয়াত বজোৱাটো বিচাৰো যাতে আনৰো মৃত্যু হয়,0
মক্কেল,0
এইবিলাক গানৰ কেতিয়াও মৃত্যু নহয়,1
ফাল্টু গান,0
ইমান ধুনীয়া বিহু গীত নাচো নাচো লাগে ধন্যবাদ,1
এইটো চোৱাৰ পিছত মোৰ ডায়েৰিয়া হৈছে,0
গান এটা কিমান বেয়া হ'ব পাৰে তাৰ কোনো সীমা নাই,0
বেয়া গায়ক,0
গায়কজনক অভিবাদন,1
 ভাষা ই হেৰাই গল বৰ্বাদ গীত,0
এইয়া আমাৰ গৌৰব।,1
বিহুক বিহু হৈ থাকিবলৈ দিয়া। বিহু সুৰীয়া কৰি নেপেলাবো। ,0
বাৰে বাৰে শুনিও হেপাহ পলোৱা নাই,1
তোমাৰ গান বোৰ কীও ইমান লেতেৰা,0
মোক্কেল ,0
গানটোত কোনো অৰ্থ নাই,0
এই গানটো শুনি মোৰ মূৰটোৱে কাম কৰা নাই,0
অসমৰ পুৰণি সম্পদ সমূহ দেখা পাই মোৰ বেছি ভাল লাগিল,1
অতি সুন্দৰ গান,1
মই তোমাৰ গান শুনাতকৈ কাউৰীৰ মাত টো পছন্দ কৰিম,0
অসমীয়া শিল্পী সমাজৰ কলংক চাল্লা,0
আপোনাক বান্দৰৰ দৰে দেখায়,0
অসভ্য গীত,0
"স্বাস্থ‍্যৰ বাবে হানিকাৰক মেন",0
কি মানে এইবোৰ,0
অনুগ্ৰহ কৰি মোক হত্যা কৰক,0
ষাঁড় গৰু তুমি,0
অসভ্যালি দেখি মুৰটো ঘুৰাই গ'ল,0
"যদি আপোনাৰ কাপোৰ নাই মই তোমাক দিম, ছানী লিয়নী হোৱাৰ প্ৰয়োজন নাই",0
আজিও শুনি আছে,1
মা কছম মজা ।,1
চিৰস্থায়ী গান,1
সুন্দৰ দাদা,1
চুদুৰভাই টোহত হাজাৰ জন্ম লৈও শিল্পী হব নোৱাৰ,0
অসমীযা জাতিৰ অধপতন,0
"আচলতে এইবোৰ হে বিহু, মোৰ মন জুৰ পেলাই দিলে

",1
আপুনি মৰি নজাই কিও অসম খন শান্তি ত থাকিব দিয়া নাই আপোনাৰ গান এ,0
মতামত দিবলৈ ভাষা নাই,1
"
যেতিয়া অকলে নিজক বিচাৰো তেতিয়া এই গীতটি শুনো",1
"এনেকুৱা সোণালী সময়ৰ গান, কথাছবিবোৰ যাতে আগলৈও পাঁ‌ও । সেয়ে আশা কৰিলোঁ",1
অসমৰ ছাগলী সেইটো কাম নাই ভিক্ষাৰীহতৰ অসমখন লেতেৰা কৰি দিছে,0
"গানটোৰ গভীৰ ভাৱ অৰ্থ নিজৰ দাদাৰ বাবে থকা মৰম, বেদনা আৰু অনোৰোধ সলাগীবলগীয়া",1
আপুনি এতিয়াও কিয় মৰি যোৱা নাই?,0
এতিয়া বিহু মানে জুবিন দা তেওঁৰ বাহিৰে আন কাৰো বিহু শুনিবলৈ ভাল নালাগে।,0
তহঁতি সৰ্ম্পূন গেলালি অসমীয়াৰ গীতৰ মৰ্য্যাদা,0
ঔকাদ সাই ভিদেও বনাবি,0
"এই গানটো শুনিলে কলিজা বহুত জোৰেৰে ধপধপাই যায়,চকু পানীৰে উপচি পৰে",1
গানৰ শান্তি নিকেতনত ,1
"এই গানটোৱে আপোনাক অকলশৰীয়া হৈ থাকিব বিচাৰে আৰু আপোনাৰ মন, শৰীৰ আৰু আত্মা একেলগে সংৰেখিত কৰি শুনিব বিচাৰে",1
এই ৰত্নটোৱে আপোনাক সকলো উত্তেজনা পাহৰি বলৈ বাধ্য কৰিব,1
এই গানটোৱে মোক মোৰ শৈশৱৰ কথা মনত পেলাই দিছে।,1
একেবাৰে আগৰ দিনৰ বিহু নাচ লগতে গানটোও,1
গানটো শুনিলে গা সাতখন আঠখন হৈ যায়,1
মোৰ আৰু ভাল লাগিছে যে অসমৰ বাহিৰৰ ইমানবোৰ শ্ৰুতাই গানটোক আকোৱালি লৈছে আৰু ইমান ধুনীয়া ধুনীয়া কমেণ্ট দিছে ।,1
এইবোৰৰ মাক বাপেক নাই নেকি।,0
এইটো অসমীয়া গীতৰ বাবে বিপদজনক সময়,0
ভুল হৈছে শুধৰাই দিয়ক,0
আশা ভৰা গীতে আজি প্ৰাণ পালে,1
এই গানটো এটা আৱেগ,1
এইবোৰ হে বিহু শুনিলে শুনি থাকিবৰ মন যায় ,1
চিৰসেউজ গান,1
তই নালাগে গাব,0
বৰ সুন্দৰ নিৰ্ভেজাল বিহু,1
বৰ মৰমলগা গান এইটো,1
আপোনাৰ কণ্ঠস্বৰ হাঁহৰ দৰে,0
"এইটো পাগল , ই অসমখন শেষ কৰিব আহিল ",0
আৰে ভাই বাইদেউৰ কেইজনীৰ তপিনাত খজুৱতি হৈছে নেকি,0
মন ভৰি গ'ল,1
এই গানটো কেৱল এটা গান নহয় এইটো এটা বুজাব নোৱাৰা আৱেগ।,1
ফকতিয়া,0
গান চোৰ কৰা  ফফৰা দালাল,0
"অতুলনীয় ! কি গীত , কি অভিনয়",1
অসমীয়া ভাষাৰ এই ইমান ধুনীয়া শব্দ বোৰ জানো ক'ত লুকাই আছিল,1
এই আটাইতকৈ বেয়া সংগীত নুশুনিব ,0
ধন্যবাদ এটি আপুৰুগীয়া ভিডিঅ',1
অভদ্ৰ চালা,0
"আপুনি যি গাইছিল, ই সদায় মোৰ হৃদয় স্পৰ্শ কৰিব",1
কি গাইছাঁ এগলা খান,0
এইবোৰ গানৰ কাৰণে অসমীয়া সংগীত উদ্যোগ পিছ পৰি আছে,0
"যেতিয়া আপুনি ভাবে যে ই আৰু হাস্যকৰ হ'ব নোৱাৰে, তেওঁ আপোনাৰ প্ৰত্যাশা অতিক্ৰম কৰে",0
অৰ্থহীন ভাষা লগতে সাজ পাৰৰ কোনো ধৰণ কৰণ নাই,0
এনকুৱা পুৰনি গান বোৰ সংৰক্ষণ কৰিব লাগে,1
ভৱিষ্যতেও এনেধৰণৰ সুৰৰ বৰষুণ আশা কৰিলোঁ ,1
আঃহ সেই দিনবোৰ ,1
কি কম পাগল হম মই,0
আশ্চৰ্যকৰ ৰচনা,1
ক'বলৈ ভাষা নাই,1
ইমানেই ভাল পাওঁ এইটো গীত যাক শব্দৰ জড়িয়তে প্ৰকাশ কৰিব নোৱাৰো,1
ইমান ইতিবাচক আৱেগ,1
লেঙেৰা পেঙেৰা কুকুৰে ভুকী থকা যেন হৈছে,0
গীতটোৰ প্ৰতিটো কথাই অৰ্থপূৰ্ণ।,1
আপোনাৰ গানটো ভেকুলীৰ গানৰ দৰে,0
কোনো সুৰ নাই,0
তহঁতৰ দৰে এচাম উদণ্ড গায়কৰ বাবে অসমীয়া কৃষ্টি-সংস্কৃতি শেষ হৈছে,0
অসমৰ শ্ৰেষ্ঠ গীত,1
১০ মিনিট ৰ গান পোৰা শুনিলে মৰি থাকিম,0
আপোনা লোকৰ এই ধৰণৰ সৃষ্টিয়ে অসমীয়া গীতক অন্য এক মাত্ৰা দিছে,1
এইবিলাক গীত অসমীয়া মানুহৰ বাবে তেজৰ দৰে,1
মই এই গানটোৰ প্ৰেমত আৰোগ্য হোৱাৰ ওপৰত মূৰ দাঙি ছোঁ,1
এই গানটোৱে মোৰ মনক সতেজ কৰি তুলিছে,1
যেতিয়া মই অকলে থাকো আৰু মই সুৰাপান কৰোঁ তেতিয়া এই গানটো মোৰ অততকৈ প্ৰিয় হয়,1
মোৰ কাণৰ পৰা তেজ ওলাইছে,0
কবলৈ শব্দ নাই কিমান ভাল লাগিল,1
এইটো শুনি মই মৰিছোঁ ,0
এই গানটো শুনি মোৰ বৃক্কৰ হৃদযন্ত্ৰৰ আক্ৰমণ হৈছিল,0
কোনোবাই আপোনাৰ খাদ্যবিষাক্ত কৰিব লাগিব,0
কালজয়ী গীত,0
হে ভগৱান আজি অসমী হোৱাৰ বাবে ইমান লাজ পাইছো,0
মল-মূত্ৰ,0
কি নিৰ্ভাজ বিহু.,1
গাণ আৰু গায়ক মানিব লাগিব,1
শুদ্ধকৈ গাবা,0
জুবিন্দাৰ কি এক আৱেগিক আশ্চৰ্যকৰ গান,1
মজা,1
শৌচাগাৰৰ ফালে পাৰ্টি কৰক,0
কুকুৰে কেতিয়া ও গূ খাব এৰি নিদিয়ে,0
"কণ্ঠস্বৰ, সংগীত, সকলোবোৰ কেৱল নিখুঁত।",1
বাৰে বাৰে শুনি ও আমনি নলগা এক হৃদ়স্পৰ্শী গীত এইটো,1
কুত্তা তুমি গাব জানা,0
গানটো শুনিছো কিন্ত্ত ভিডিঅটো চোৱা নাছিলো।সছাকৈ এইবোৰ গানৰ ওচৰত বৰ্তমান গানবোৰে পাত্রা ই নাপাব,1
মানে কি কব বিচাৰিছে ,0
গাৰ নুম শিয়ৰি  গৈছে,1
ভাল লগা নাই,0
গান হ'লে এনেকুৱা হ'ব লাগে।,1
হেডফোন ব্যৱহাৰকাৰীসকলৰ বাবে মোৰ বেয়া অনুভৱ হৈছে,0
শুনি ভাল লাগিল আশা কৰো এনে আধুনিক গীত আৰু শুনিবলৈ পাম।,1
গৰু চোৰ,0
এনেকুৱা মহিলাই বহুতো পুৰুষক পংগু কৰি আহিছে,0
সকলোত কৈ প্ৰিয় বিহুগীতটি  এই গান টো নাবাজিলে বিহু যেন এ নালাগে,1
অনুভৱ জগাই তোলে এনে গানে।,1
গান বোৰ কি সকলোৱে নিল আকাশৰ পৰাই চোৰ কৰি কৰি গাব নেকি?নিজৰ মালটো ব্যৱহাৰ কৰা,0
গান নগাবলৈ আপোনাক অনুৰোধ কৰক,0
কেৱল ভাবি আচৰিত হৈছো যে এই গানটোৱে কেনেকৈ অসমসংগীত উদ্যোগৰ সকলো সলনি কৰি দিছিল।,1
ক্লা কাণৰ পৰা তেজ ওলাই গল,0
চাপৰি,0
মই ভাল পোৱা বিহু গান এই খনও এখন মন পুৰা ভাল লাগি যায় |,1
ধুউউৰৰৰৰৰৰ,0
মই কেৱল বুজাব নোৱাৰো যে মই আপোনাৰ গানবোৰ কিমান ভাল পাওঁ।,1
আপোনাৰ সুন্দৰ সৃষ্টিৰ উপমা দিবলৈ যেন মোৰ হাতত বিশেষণীয় বিশেষণ নাই,1
আপোনাৰ কণ্ঠস্বৰ অসহনীয়,0
যদিও মই উঠি অহা প্ৰজন্মৰ (১৭ বছৰ)তথাপিও এই ধৰনৰ  বিহুকহে প্ৰাধান্য দিঁও ।,1
গানটো কিয় শেষ হয় ও,1
 শুনিলেই নাছো নাছো লাগি যায়।,1
ভুলবোৰ পিছলৈ শুধৰাবা,0
গানটোৰ প্ৰসংশা কৰাৰ ভাষাই নাই,1
কেলা কি পাগল,0
অসমীয়াৰ সন্মান শেষ কৰি দিছে ইহঁতে,0
শুনি আবেগিক হৈ গলো। এইবাৰ যে বিহু মাৰিবলৈ নাপাও,1
ফালটো গান শুনিবলৈ মন নাজাই,0
মানুহে এবাৰ শুনিলে কাৰ্ডিঅ' আক্ৰমণ হ'ব,0
বাপেৰৰ মাৰৰ মূৰটো কুকুৰপুৱালী হত,0
ভাল লগা নাই।,0
ইমান প্ৰাণৱন্ত,1
কুকুৰে ভুকি আছে,0
গীতৰ কথা আৰু সুৰ ভাল লাগিল,1
তহতক কুকুৰ বুলি কলেও কুকুৰকেইটাক হে অপমান কৰা হব,0
মই গোটেই বছৰটো শুনা আটাইতকৈ ধুনীয়াকৈ গোৱা আৰু প্ৰযোজিত গান,1
একো বুজি পোৱা নাই,0
ভাল ভিডেও বনোৱা কৰ,0
মা কছম মজ্জা,1
কি মানে কি এইবোৰ,0
অৰ্থহীন গান,0
"বাপেৰৰ মূৰটো গাইছা।। 
",0
উৎকৃষ্ট আৰু মন উজাৰি দিয়া গান,1
আনতকৈ বেলেগ ব্যতিক্ৰম খুব ধুনীয়া লাগিল,1
এই গানটো স্বাস্থ্যৰ বাবে কৰ্কট ৰোগ,0
এই যুগৰ আটাইতকৈ বেয়া গায়ক,0
সম্পূৰ্ণ গানটো শুনিলে পাগল হৈ যাম,0
গানটো বেয়া,0
ছবে গালি দিবলে আহিছে গান শুনিব অহা নাই,0
ইমান সুন্দৰ বিহু। মনটো গাওঁখনলৈ উৰা মাৰিছে।,1
অই জোহৰা,0
ফালটো এইসব,0
কি গান বনালে দাদা মজা লাগে গানটো,1
এনেহেন বিহু শুনিলে বিহু বিহু বুলি এক বিশেষ ধৰণৰ মনত আলোড়ন সৃস্টী হয়,1
হৃদয়ৰ খবৰ লোৱা গীতটি,1
ভেকুলীৰ গান আপোনাতকৈ ভাল,0
চিৰসেউজীয়া গীত,1
হৃদয় জুৰ পৰি গৈছে,1
নাজানিছিলো যে অসমী গানবোৰ এইটো ভাল আছিল,1
এইবোৰক হে প্ৰকৃত গীত বুলি কব পাৰি সঁচা অৰ্থত চিৰসেউজ গীত।,1
বেশ্যাৰ পুত্ৰ,0
এই আধিপত্য দেখি মই মৰিব বিচাৰো,0
খুব বেয়া,0
মেকচুদাই,0
অনুগ্ৰহ কৰি এই ধৰণৰ ভিডিঅ' বনোৱা বন্ধ কৰক,0
বান্দৰ মোককেল,0
মই অৰ্থ বুজি নাপাওঁ কিন্তু এই গানটোৰ সুৰটো মন উজাৰি দিয়া।,1
গান শুনাৰ আগতে লাইক কৰি দিয়া মানুহ মই,1
"কি যে মিঠা, যিমানেই পুৰণি হয় সিমানেই মজা",1
অই বুঢ়া বান্দৰ,0
এয়া হৈছে আন্তৰ্জাতিক পৰ্যায়ৰ সংগীত।,1
ইমান বেযা ভাষা ব্যবহাৰ কৰিব নালাগে,0
শৈশৱৰ এই গান,1
এইয়া অসমীয়া গানৰ জয় যাত্ৰা,1
"পাগল গায়ক আৰু গায়িকা",0
প্ৰতাৰক,0
বেয়া লাগিল,0
অসমীয়া অতিতৰ‌ গীত,0
অৰ্থহীন গান,0
"অসমীয়া বিহুৰ মা-বেহেন এক কৰি দিলি,সস্তীয়া জনপ্ৰিয়তাৰ আশাত",0
এই গানটো যিমান সম্ভৱ সোনকালে আঁতৰাব লাগিব,0
আটাইতকৈ বেয়া,0
আও ধুনীয়া ভিডিও,1
 নিচাযুক্তভাৱে সুমধুৰ,1
ক'ত হেৰাল সেই বিহুবোৰ আজিও যদি শুনিব পালো হেতেন এনেকুৱা বিহু।এইবোৰহে বিহু শুনিলেই নাছো নাছো লাগি যায়।,1
অন্তৰ জুৰ পৰি গল এই সুমধুৰ বিহুৰ উপস্থাপন দেখি,1
বাল গান,0
চুলি কাটি লো আগত,0
ধন্যবাদ গীত চোৱাৰ সুবিধা কৰি দিয়াত,1
নক্ষত্ৰীয় গান,1
আপুনি পাগল কুকুৰে খোৱা মটন খায় নেকি?,0
তুমি সুৰৰ পৃথিবিত উদিত সূর্য্য,1
বৰ সুন্দৰ লাগিল সচাঁকৈয়ে ।,1
"বৰ ভাল লাগিল । বহুত ধন্যবাদ।

",1
এই গানটোৰ প্ৰতি মোৰ প্ৰেম কেতিয়াও শেষ হোৱা নাই,1
দাদা আপুনি মহান ,1
প্ৰতিনিশা মই এই গানটো শুনো,1
মোৰ কানৰ পৰা তেজ ওলাই আহিলে,0
এইবিলাকক কয় গান,1
আজি কালি ওলোৱা গীত বোৰক মই গীত বুলিলেই নাভাবো,0
বিশুদ্ধ মোক্কেল কেলা,0
"আজৈ কলিজা কি সুন্দৰ গীত, উজ্জ্বল ভৱিষ্যত কামনা কৰিলোঁ দেই দাদা জয় আই অসম",1
যদি মই কেতিয়াবা আপোনাক বিচাৰি পাওঁ মই তোমাক হত্যা কৰিম,0
গীতৰ কথাত হতাশ। ইমান বেয়া গীত,0
এনেকে গান গাই গাই আনৰ মাথা গৰম কৰিছে কিয়।,0
 জুবিন গাৰ্গৰ কি সুন্দৰ কণ্ঠ! ,1
প্ৰতাৰক । ,0
সৰ্বকালৰ প্ৰিয় গান,1
শুদ্ধ অসমীয়া শব্দৰ গান,1
অসামান্য গান,1
এয়া লজ্জাজনক যে অসমীয়া ছোৱালীয়ে  অৰ্ধ নগ্ন শৰীৰ  দেখুৱায়,0
কালজয়ী গীত,1
এইবোৰ গান যে অদ্বিতীয় ইয়াক কতো বিচাৰি নাপাও,1
অসন্মানজনক,0
চি ফকতিয়া আৰ্টিষ্ট,0
শেষ হোৱাৰ দিশে অসমীয়াৰ বাপতি সাহোন বিহু,0
আনন্দিত,1
গান গাব নাজানিলে গাব নালাগে,0
গান বনোৱা বন্ধ কৰক ,0
ইমান অপমান পায়ো লাজ পোৱা নাই,0
আপোনাৰ দৰে গায়কমৰিব লাগিব,0
ভিডিও টোৰ একো লজিকেই নাই। ,0
নতুন বিহু গীত বোৰ এবাৰ শুনাৰ পিছত আকৌ শুনিব মন নাযায়।,0
হিচাবতকৈ গানটো অলপ চুটি,0
কি কৰিছা বে কি ফালটো,0
"এয়াহে বিহুনাম,আগলৈও আশা কৰিলো",1
 শুনিলে শুনি থাকিবলৈ মন যায়,1
খাটি চিৰ যুগমীয়া অসমীয়া গীত।,1
কিংবদন্তী,1
দিনক দিনে  আমাৰ অসমীয়াৰ জাতিৰ অস্তিত্ব হেৰাই যাব ধৰিছে,0
বেয়া সময়বোৰ ত এনেকুৱা গান লাগে,1
সৰু কালৰ স্মৃতি প্ৰস্ফুটিত হল।,1
বেয়া গীত,0
ইমান ভাল সুৰটো সস্তীয়া শব্দেৰে নষ্ট কৰি দিলা,0
অশ্লীল গীত,0
তুমি সদায় আমাৰ মাজত জিয়াই থাকিবা,1
এটা ভাল গানৰ লগতে এটা ভাল ভিডিঅ,1
অত্যাধিক সুন্দৰ কণ্ঠস্বৰ,1
"গানটি শুনিলে প্ৰকৃতিৰ মাজত বিলীন হৈ পৰো য'ত থাকে বতাহ, বৰষুণ, মেঘৰ বজ্ৰপাত, চৰাইৰ সুৰীয়া আলাপ",1
অসমীয়া সংগীত নতুনত্ব অনা প্ৰথম জন অসমীয়া এই জন শিল্পী,1
অই গেডা মোক্কেল ,0
এই গানটোতকৈ কাউৰীৰ মাত ভাল।,0
এইবোৰৰ মাক বাপেক নাই নেকি,0
জুবিন দাৰ ডাঙৰ অনুৰাগী,1
ধন্যবাদ ইমান মধুৰ গীত এটি আমাক উপহাৰ দিয়াৰ বাবে,1
"দাদা গানটো ভুল হৈছে

",0
কোনোবাই ইমান বেয়া কেনেকৈ কৰিব পাৰে?,0
মই শব্দৰ বাহিৰত স্তম্ভিত হৈ ছোঁ। এই গানটো ইমান ভাল,1
চিৰসেউজ,1
"আগৰ গানবোৰ সচাঁই বহুত ভাল আছিল",1
আপোনাৰ সমান কোনো হব নোৱাৰে,1
অসমৰ এটা সম্পত্তি,1
গান টো ফালটো,0
"মহানন্দ মজিন্দাৰ বৰুৱা ,খগেন মহন্ত আদিৰ সেই পুৰণি বিহু গীত বোৰ শুনাৰ আমেজেই সুকীয়া",1
নিভাজ বিহু গীত,1
"মৰি যাম অ",0
ভালকৈ শুনি লবা যে গানটোত কি গাইছে,0
"নষ্ট কৰি দিলা।",0
কেৱল গানটোৰ অনুভৱ ভাল পাওঁ,1
তোমাৰ গান শুনিলে সকলো পাহৰি কোনোবা আলোক দিগন্ত ত বিলীন হৈ যাওঁ,1
আপোনাৰ গানটো গোবৰৰ দৰে,0
বুঢ়া শিয়াল,0
 মই মাত্ৰ ক'ব বিচাৰিছিলো যে এইটো এটা আটাইতকৈ বেয়া সংগীত ,0
ভাই আপুনি জুই,1
প্ৰিয় মোৰ এই গানটো।,1
তই গান গাবলৈ নাজানো,0
আই অই মই কতে মৰো অই,0
গোটেই খন একেবাৰে ছেটেৰিং কৰি পেলাইছে,0
আপোনি সদায় ৰাইজৰ মাজত থাকক বাকী আপোনাক জনপ্ৰিয়তাৰ শীষৰ্ত ৰখাতো আমাৰ দায়িত্ব ।,1
এইটো দেখি মই মৰিব বিচাৰো,0
কি সংবেদনশীল গান! শুনিলেই গাত এক জুৱাৰ উঠি আহে।এনে এটি গীত উপহাৰ দিয়াৰ বাবে ধন্যবাদ ।,1
জুবিন দা অ হোইটো নাজানে... কি গান বোনাই ডিলে তেওঁ।,1
এইটো ৰাস্তাৰ কাষত শৌচ কৰা হয়,0
কি ফালটো গান ,0
এতিয়ালৈকে আটাইতকৈ মূল্যহীন গান,0
ক্ৰিঞ্জ মানুহ,0
গান এৰি আন এটা কাম আৰম্ভ কৰক,0
 অসমীয়া বিহুৰ সন্মানত আঘাত হানিছে,0
জীৱন ৰিঙা ক্ষণত  পাপনদা তোমাৰ গীত মোৰে প্ৰাণত,1
দিশ্লিকে কৰা আৰম্ভ কৰক,0
শুনি শুনি আমনি নলগা গীতটি,1
হতাশাৰ পৰা পৰিত্ৰাণ পোৱা এটি গীত,1
আপুনি আৰু গান গাব নালাগে,0
বিশুদ্ধ সোণৰ দৰেই বিশুদ্ধ বিহু,1
অাৰু ভূলিত ও নহুনো যাৰ গান,0
মই এই গানটো বাৰে বাৰে বজাইছিলো,1
আমি তোমাক আৰু তোমাৰ গানবোৰ ভাল পাওঁ।,1
সেই ছোৱালীজনী চিকিৎসক নহয় তাইক এজন চিকিৎসকৰ প্ৰয়োজন।,0
অনুগ্ৰহ কৰি প্ৰথমে গান এটা গাবলৈ শিকক,0
মজ্জা লাগিল,1
ইমান ধুনীয়া মাত এই জনমত এনেকুৱা গায়ক নলাব,1
পোৰা নমুনা,0
কাতি বিহুৰ ক্ষণত লগাই অকলে নাচি আছো ৰুমতে,1
এবছৰত মাত্র এটা গান কিন্তু তামাম হীট.,1
টকাৰ কাৰণে কিমান তললৈকে যাবি হে,0
"বাপেৰোৰ মুৰ্তু গাইচো কেলা, গান তু শুনি বমি অহি গোল ছালা",0
এই ভন্দামীবোৰ বন্ধ কৰক,0
অসমীয়া বিহুৰ সন্মানত আঘাত হানিছে,0
লেতেৰা,0
কেছেট ৰ দিনত কিমান যে ৰি কৰি কৰি শুনিলো,1
তৃতীয় শ্ৰেণীৰ পোছাক,0
সুৱৰৰ বচ্ছা,0
সুৰটো এইটো গানৰ পৰা চোৰ কৰি অনা,0
ফালটো গান,0
মোৰ বন্ধুৱে এই ভিডিঅ'টো চোৱাৰ পিছত তেওঁৰ চকু দান কৰিছিল,0
জয় আই অসম,1
মোৰ মতে আজিৰ নৱ প্ৰজন্মই এইবোৰ শুনাতো ভাল,1
এই ফালতু গানটো কিয় আপলোড কৰা হৈছে,0
এই গানটো অনুভৱ কৰক,1
কবলৈ ভাষা নাই এনেদৰে সদায় জিলিকি থাকা,1
একে একে দুই এই গানটো জুই,1
ভাল হৈছে বন্ধু,1
এইয়াই হ'ল ৰোমাঞ্চ অৰ্থাৎ প্ৰেম নিবেদন কোনো অশ্লীলতা নাই কোনো অসভ্যালি নাই ভাৱৰ আদান প্ৰদান,1
পুৰণি স্বৰ্ণময়,1
এইটো গীত আমাৰ গাঁৱত বহুত চলে  বিয়া বিলাকত ,1
এনেকুৱা এটা উৎকৃষ্ট কৃতি,1
পশুতকৈও নীচ মানুহ,0
বন্ধ কৰ কেলা,0
"এইবাৰ মাঘৰ বিহুত লগাইছিলো, এতিয়াও পিঠিৰ বিষ ভাল হোৱা নাই",0
কবলে একো ভাষা নাই কুসুুম দা ইমান ভাল হইছে গানটো,1
পাছলেও এনে বিহু পোৱাৰ আশা ঠাকিল,1
কোটিমাৰা,0
যা তা গান লিখে,0
আপোনাৰ কিবা অসুখ বিসুখ হৈছে নেকি,0
এনেকুৱা গান আৰু কোনেও ওলাব নোৱাৰিৱ,1
 এই গীতটো শুনি মই এজন অসমী বুলি গৌৰৱান্বিত অনুভৱ কৰোঁ,1
মোৰ প্ৰেমিকাই মোৰ সৈতে বিচ্ছেদ কৰিছিল যেতিয়া তাই দেখিছিল যে মই এই গানটো শুনি আছো,0
চিৰসেউজীয়া নিপন গোস্বামী,1
এইটো ইমান বেয়া যে ই প্ৰকৃততে ধেমেলীয়া,0
এই গানটো শুনিলে শুনি থাকিবৰ মন যায়।ভাগৰুৱা দেহটিও যেন পলকতে ক্লান্ত হয় পৰে।,1
"অনুপম,অতুলনীয় অৱদান",1
ফাল্টু বুঢ়া,0
কুসুম দা তুমি জুই,1
চিৰ সেউজ বিহু গীত,1
কিছুমান ভুৱা নতুনত্বক অনুকৰণ কৰিব গৈ নিজৰ অস্তিত্বৰ হানি কৰা নিচিনা অনুভৱ হ'ল,0
কাৰ কাৰ এই গানটো এতিয়াও প্রিয়?,1
এই গীতটো শুনি মই অসমী বুলি আনক কবলৈ লাজ লাগে,0
বহুত ধুনীয়া,1
অনুগ্ৰহ কৰি মানসিক চিকিৎসালয়লৈ যাওক,0
পাগল হৈ গৈছো গানটো শুনি,0
কি আৰু... জী মন জয় তাকে গাই দিয়ে। .. আজি কালি।,0
"আহ! কি সুন্দৰ মাদকতা। কি সুন্দৰ ছন্দ,সুৰ ।",1
আপোনাৰ গীত বিলাক ধূমকেতুৰ দৰে আহে যিদৰে ধূমকেতু চাবলৈ ভাল লাগে ঠিক তেনেদৰে আপোনাৰ গীতবোৰ শুনি ভাল লাগে,1
বহুতেই বাৰ শুনিলোঁ.. বেলেগই এটা পৰশ পাওঁ ।,1
মূতি দিব মন গৈছে,0
এই গানটো শুনি মোৰ কাণে কাম কৰা নাই,0
মনোমোহা,1
আপুনি বুঢ়া অনুগ্ৰহ কৰি সোনকালে মৰিব,0
ভাল লাগিল অ সৰু কালৈ মনত পৰি গল অ,1
এদিন এজন অসমবাসীয়ে মোক এই গানটো শুনিবলৈ পৰামৰ্শ দিছিল। সঁচাকৈয়ে এই গানটো মোৰ বহুতো স্মৃতিৰ সৈতে সংলগ্ন,1
আপিতো ভাল লাগা নাই,0
এই গায়কজনক গ্ৰেপ্তাৰ কৰা প্ৰয়োজন,0
তহতি অসমখনশেষ কৰি দিলি,0
আপোনাৰ কণ্ঠস্বৰ এনেকুৱা যেন আপুনি এটা কৌতুক কৈ আছে,0
এনেকুৱা গান আৰু উপহাৰ দি যাব,1
প্ৰাচীন বাজে কথাৰ টুকুৰা,0
"অসমীয়া জাতিটো তোমালোকৰ দৰে কিছুমান মানুহৰ কাৰনে ৰসাতলে গৈছে,",0
মুখখন কুকুৰৰ দৰে দেখায়,0
 ইমান ভুল ভুল কৈ নাগাবা,0
অসাধাৰণ  গীত,1
মই তোমাক বহুত ভাল পাওঁ,1
চলা বান্দৰ টোৰ গান শুনিলে মোৰা মানুহ আকৌ জীয়াই উঠিব,0
এই গীতটোৱে অসমসংগীত উদ্যোগৰ পৰ্যায় আৰু দিশ সলনি কৰিছিল।,1
বহুত স্মৃতি থকা গান,1
কিমান ভাল লাগে বুজাবলৈ ভাষা নাই,1
প্ৰতিনিশা মই নিজকে অকলশৰীয়া অনুভৱ কৰিলে এই গানটো শুনো,1
আপুনি কেতিয়া মৰিৱ,0
ৰাস্তাৰ কাষত গাধ,0
এজন মানুহে মৃত্যুৰ সৈতে যুঁজি আছিল। মই এই গানটো বজাইছিলো আৰু তেওঁ সহজে মৃত্যুবৰণ কৰিছিল।,0
প্রভাতি পক্ষী ৰ আজি ডেউকা নাই নিমগ্ন  আন্ধাৰত দিশ হেৰাই,0
এই গানটো এটা অৰ্থ পূৰ্ণ গান,1
এই গ্ৰহটো এৰি যোৱাৰ সময়,0
অপছন্দ কৰিবলৈ দহ ছেকেণ্ড সময় লাগিছিল,0
বৰ্তমান ই আধুনিকতাৰ প্ৰভাৱত প্ৰায়  লুপ্তপ্ৰায়,0
"এটা শব্দই কৈছো ""মধুৰ""",1
আপোনাৰ কণ্ঠস্বৰ আপোনাৰ হৃদয়ৰ গভীৰৰ পৰা অহাযেন লাগিছে,1
চিৰসেউজ ীয়া গান,1
পাপন দাৰ যাদুকৰী কন্ঠই ইমানকৈ মন্ত্ৰমুগ্ধ কৰি ৰাখিলে যে গানটো কেতিয়া শেষ হৈ গল গমেই নাপালোঁ,1
নাপায় এনে কৰিব,0
এইটো আনকি এটা গান নেকি,0
ক'ৰ মক্কেল এইটো,0
"আহাহা কি অপূৰ্ব, কি মোহনীয়",1
গান চুৰ কৰা এৰি এটা টো গান নিজে বনা,0
ভাল লাগিল শুনি,1
কি যে মিঠা মিঠা,1
ঘন্টা,0
মোৰ মনে প্রাণে ছুই যোৱা গানবোৰ শুনিলে আজিও গাৰ ণোম শয়ৰী উঠে,1
কুকুৰ এইটো বিষ্ঠা গান,0
"শুনিয়েই আছো, শুনিয়েই আছো, শুনিয়েই আছো",1
এটা গান শুনা যেন লাগিল।‌‌,1
কথা বন্ধ কৰা,0
সুদমাৰানি,0
শিক্ষাহীন ব্যক্তি,0
একদম ফকতিয়া,0
"মানিব লাগিৱ দেই, চুৰি কৰা টেলেণ্ট কম টেলেণ্ট নহয়, এনেকৈ চুৰি গান গাই টুপি পিন্ধাই মঞ্চৰ পৰা লাখ লাখ টকা দাবী কৰি অাহিছ নিৰ্লজ্জ",0
আগৰ বিহু গীত বহুত সুন্দৰ আছিল,1
ই মন্ত্ৰমুগ্ধ কৰে,1
এনেকুৱা গীত কুসুম দাৰ পৰা পাম বুলি  আশা কৰিছিলোঁ । আজি অপেক্ষা অন্তৰ পৰিল,1
অপুনাৰ নিজোৰ সৃজনশীলতা নাই নে সব গান চুৰ কোৰে জে,0
আপুনি কৰ্কট ৰোগ,0
গান গাইছে ছা না,0
এইটো এটা বেয়া গান,0
সৰুতে মূৰত দূখ পাইছিলা নেকি বাৰু ,0
"হৃদয় চুই যোৱা এটি গান , এটি  অসমীয়া গান",1
"শব্দৰ গভীৰতাই গীতৰ মানদণ্ড উন্নত কৰে,পিছে গীতটোত শব্দতকৈ কটু কিবাকিবি বোৰেহে প্ৰাধান্য পোৱা যেন অনুভৱ হ'ল,শব্দৰ স্হান একেবাৰে শেষত যেন হে লাগিল",0
কা কা কৰি ৫জনক মাৰি তই কেতিয়াও সুখী হৈ থাকিব নোৱাৰা ৷ ধিক ধিক,0
 বাংলাদেশি চৰকাৰ বালৰ গান,0
তই মৰি জা না বে ঠাকুৰীয়া বুলি কলে লাজ পোৱা হৈছে টোৰ কাৰণে,0
একদম ফালটো জণ্ডিচ হৈছে নেকি তোৰ ঢুকুৰা,0
যদি আপুনি এই গানটো শুনি আছে। মই মাত্ৰ ক'ব বিচাৰিছিলো যে আপোনাৰ সংগীতৰ সোৱাদ আটাইতকৈ বেয়া।,0
গানটো ইমান ভাল লাগিল যে 50 ছেকেণ্ড চায়ে সামৰিলো,0
লাজ নালাগে তুৰ,0
ভাল ভিদিঅ,1
এইবোৰ বিহুগান এটুকুৰা হীৰা,1
বহুত ভাল লাগে  এনেকুৱা পুৰণি অসমীয়া গীতৰসমূহ ।,1
সুৱদিসুৰীয়া।,1
এই ভিডিঅ'টো চোৱাৰ পিছত মই মোৰ নাম পাহৰি যাওঁ,0
মই বুজি নাপাওঁ যে মই এই সম্পূৰ্ণ ভিডিঅ'টো কেনেকৈ চাওঁ,0
কোনে কোনে দিশ্লিকে কৰিব আহিছে,0
এই ধৰণৰ গান শুনি গায়কে আত্মহত্যা কৰিব,0
এই গানটো সদায় ভাল পাওঁ,1
সকলোৱে সমালোচনা কৰি আছে,0
এনে লাগিছে গানটোত থকা শব্দ বোৰ প্ৰথম বাৰ শুনিছোঁ,1
 প্ৰকৃত সৌন্দৰ্য বা মাদকতা কৰবাত হেৰাই গৈছে,0
সুৰৰ নামত অসুৰ,0
এই সংগীতটো শুনিবলৈ ইমান শান্তিপূৰ্ণ।,1
"শব্দ, কথা সুৰ কি কম ভাষা নাই",1
আপ কিয়া বেয়া গান গাতাহে বাপাৰে,0
আক থু গান,0
এইয়াহে প্ৰকৃত বিহু,1
আটাইতকৈ সস্তা গান,0
ধুনীয়া গীত।,1
যিসকলে এইটো দেখে তেওঁলোকৰ বাবে মই বেয়া অনুভৱ কৰিআছো,0
দুটা লাইন শুনি অ কাটি দিলোঁ,0
গান গাবলৈ এৰি দিয়ক ,0
দৰ্শনীয় প্ৰদৰ্শন,1
অসমীয়া পুৰণি গীত বোৰ সকলো সময়তে শুনি থাকো বহুত ভাল লাগে ।,1
নগাব বে এইবোৰ মানুহ মৰিব,0
হৃদ়স্পৰ্শী  সঁচাকৈ যান্তিকতা মাজত লুকাই যোৱা মানুহ বোৰে তোমালোকৰ কথা আৰু সুৰ বিলাকত নিজকে বিচাৰি পাই,1
ভাল লাগিল।,1
আশা কৰো সকলোৱে যাতে গীতটো আদৰি লয়,1
এই মানুহবোৰে কিয় জন্ম লয়,0
অসমৰ সংগীত জগতৰ ভৱিষ্যত সুৰক্ষিত লোকৰ হাতত।,1
আপোনাৰ গানটো নইচ প্ৰদূষণৰ দৰে ,0
গানটোৰ বাবে অ-অসমী সম্প্ৰদায়ে ইতিবাচক প্ৰতিক্ৰিয়া প্ৰকাশ কৰা দেখি মই বহুত গৌৰৱান্বিত অনুভৱ কৰোঁ,1
মই মৰিবলৈ গৈ আছো,0
আপোনাৰ ক্লাছ মুঠেই নাই এইটো গানত। আপোনাৰ মানদণ্ড ইয়াতকৈ বহুত ওপৰত,0
"অসমীযা জাতিৰ অধপতন লৈ যাবি নেকি",0
বান্দৰ,0
পুৰণি অসমীয়া গীতৰ তুলনা নাই,1
এই গানটো বেলেগ ধৰণৰ বেদনা দিয়ে ,1
তুমি গালে বমি লাগে,0
বেয়া হৈছে,0
"অতি সুন্দৰ এটি গীত যেন মোৰ মন মোহি পেলালে, এতিয়া শুনিব পোৱাটো ভাগ্যৰ কথা।
",1
মৰিজা তই কেলা তাত আমাৰ কি আহে যায় সুদুৰ ভাই,0
আমি শিল্পীসমূহক ইতিকিং নকৰি উৎসাহ প্ৰদান কৰা উচিত,1
অতীব্র সুন্দৰ।,1
আজি কালি বজৰোৱা কিছুমানে বিহু গীত বুলি নাম দিয়ে কিন্তু তাত কোনো বিহুৰ মাদকতা নাথাকে থাকে মাথো কিছুমান বজৰোৱা শব্দ,0
অপূৰ্ব,1
বালৰ বিদেও বনাইছোঁ,0
এয়াহে আচল বিহু।,1
এইবিলাক ফাল্টু গানে অসমীয়া চলচিত্ৰ জগতখন শেষ কৰি দিলে,0
গানটো শুনাৰ লগে লগে শৈশৱ  কাললৈ মনত পৰি গ'ল। সচাই বৰ মধুৰ আছিল সেই দিনবোৰ,1
পাগল কুকুৰে কামুৰিছিল নেকি,0
ৰসাতলে যাব সময় হল,0
কাম নাই তোমাৰ,0
সচাকৈয়ে গৌৰৱ বোধ কৰিছো,1
তোমালোকৰ কাম নাই নেকি,0
বিচেৰি বিচেৰি গানটো কিবাকে পালো,1
অসমীয়া চলচিত্ৰ জগতৰ এটি কালজয়ী গীত....,1
এই গানটো চোৱাৰ পিছত মই মূৰ্ছা গৈছিলো,0
"ফকটিয়া ছাল্লা, ঐ কেলা",0
শুনি শুনি আমনি নলগা এটি গীত,1
মই এটাও অসমশব্দ নাজানো কিন্তু এই গীতটোৱে মোক উপলব্ধি কৰাইছিল যে সংগীত সকলো ভাষাৰ বাধাৰ বাহিৰত,1
ভাল নাই লগা,0
পাগল,0
ফালটো হৈছে,0
ৰাহুল কুকুৰক পালে তাক মই তাতে কাতিম কি গান গাবলৈ আহি ছ,0
ৰাতিপুৱা ভাল লাগি গল মজ্জা,1
"তেতিয়াৰ বিহু আৰু এতিয়াৰ মাজত পাৰ্থক্ক",0
এই ভিডিঅ'টো চোৱাৰ পিছত কৰোনা ভাইৰাছে ভাৰত ত্যাগ কৰিব,0
"সুন্দৰ সংগীত , সুন্দৰ কথা , সুন্দৰ কণ্ঠ",1
ভাল লগিছে  ,1
কি সুমধুৰ গীত।ভাল লাগিল,1
কি পাগল,0
মৰম নীল আকশ দা,1
মাইৰেক্সুদা এইবোৰ বিদেও নিদিবা অ,0
তুমি মানুহ ৰূপী আৱৰ্জনা,0
এইটো সঁচাকৈয়ে এটা গান নেকি,0
আপোনাৰ পৰা এনে গীত আশা কৰা নাছিলো,0
অকলে থাকিলে এই গানটো মোৰ প্ৰিয়,1
"কটা নিধক হত, তহঁত ৰৌ ৰৌ নৰকত পচি মৰ।",0
সঁচাই সুন্দৰ হৈছে অসমৰ অন্য এক নক্ষত্ৰ জন্ম হল,1
নিজস্বতা নাথাকিলে অস্তিত্ব বুলিও কোনো কথা নাথাকে,0
নতুন গানৰ চিন্তা কৰিব পৰা অক মাত্ৰ শিল্পী জন হল কুসুমদা।,1
ভাল দিন এটা সাই মৰি যাওক,0
অসম খন বেছি ভাগ নমুনা দি ভৰি পৰিছে,0
মই অসমী নহয় কিন্তু কেনেবাকৈ মই এই ভাষাটো ভাল পাওঁ। মই ইয়াক শিকিব বিচাৰো,1
জাতনাম আৰু শৃংখলিত সৰল নৃত্য।,1
তোৰ মাথা নাই নেকি,0
আপুনি এজন মানসিক ৰোগী,0
বৰ বেয়া গান,0
বাপেৰৰ মাৰৰ মূৰটো,0
জুবিনৰ সদায় শুনিব পৰা গীত,1
এই গানটোৱেই মোক পুনৰ নতুন অসমী গান শুনিবলৈ বাধ্য কৰিছিল,1
সৰ্বকালৰ প্ৰিয়,1
ককা আপুনি ছোৱালী জনিক কিমান টকা দিছে অভিনয় কৰিবলৈ,0
এইটো চোৱাৰ পিছত মই জীয়াই নাথাকিলোঁ,0
এইটো নো বাৰু গান হ'ল নে,0
অৰ্থপূৰ্ণ গান গোৱা গায়ক সকল হে প্ৰকৃত গায়ক যাৰ নিজৰ সৃষ্টি আছে‌,1
জীৱন ৰিঙা ক্ষণত  পাপনদা তোমাৰ গীত মোৰে প্ৰাণত,1
এইবোৰ হে বিহু গান বুলি কব পাৰি,1
কি দিন যে আহিল নহয়,0
চেণ্ডেলৰ মালা পিন্ধাবলৈ মন গৈছে,0
মন পৰশা গীত,1
বেউৰা,0
"""অদ্ভুত""",1
চিঃচিঃ,0
মৰি জা তহঁত,0
ককাইদেউ সঁচাকৈয়ে আজি আমি তোমাৰ পৰা এক নতুন ধৰণৰ অসমীয়া গীতৰ সোৱাদ পালোঁ।,1
এনে ধৰণৰ গান বোৰৰ পৰা ধৰিব পাৰি যে অসমীয়া আধুনিক সংগীত আৰু গীত বোৰ এতিয়াও শুদ্ধ লোকৰ হাতত আছে,1
এনেকুৱা বিহুগীত পাৰিলে আৰু কৰিবচোন,1
ফকোটিয়া,0
বেছি আধুনিক হল নেকি?  চাল্লা,0
ভাল লাগিল চায়।,1
মই শুনা আটাইতকৈ বেয়া গান,0
পৰম আবৰ্জনা,0
"বহুত বহুত বহুত বেছি ভাল লাগে গানটো,শুনিলেই শুনি থাকিব মন যায় আমনি নালাগে কেতিয়াও শুনি,",1
বাল,0
নিৰ্লজ্জ গান,0
এইটো কেনেকৈ এটা গান হ'ব পাৰে?,0
এইটো শুনি ইয়াত কিমান জন লোকে বমি কৰিছিল?,0
আজি মই এই ৰোমাঞ্চকৰ গানটো বিচাৰি পাইছিলো আৰু মই ইয়াক বহুত ভাল পাওঁ,1
জয় জুবিন দা,1
"ফকতিয়া ,ফলটো, ফটোৱা",0
পইছাৰ বাবে লেঙটা কৈও নাচিব এইজনি ছোৱালীয়ে,0
প্ৰতিটো শব্দই দেহ মন চুই গৈছে ।,1
বিমল পান মচলা ফোক ৰ গান গাঁও,0
লিৰিক্স ভুল হৈছে,0
হাজাৰটা মনত দুখ লৈ থাকিলেও এই গানবোৰ শুনা পিছত সকলো বোৰ আগৰ দৰে হৈ পৰে,1
অসমীয়াৰ বাপতি সাহোন বিহুটোকো নেৰিলি হত নে,0
"বঢ়িয়া ,মজ্জাহ হৈছে ,ভাল লাগিল চাই সচাঁকৈ",1
কিছুমান অসমগীতৰ প্ৰসংগ ইমান গভীৰ যে মোৰ মনৰ নিৰলসতা নিষ্পত্তি হয়,1
"আশা কৰো, অসমীয়া সংগীত জগতৰ এই দুসময়ত এনেকুৱা সুন্দৰ কথাৰ কবিতা কবিতা লগা গান শুনি থাকিবলৈ পাম।",1
ৱাহ কি ভয়ানক গান,0
সুন্দৰ বিহু বিহু লাগিছে গাত,1
আগৰ সেই বিহু আজি নাই টকা কৰি পেলালে,0
ভৌতিক ভিডিঅ',0
সুমধুৰ,1
এই গানটোৱে এজন দুখী ব্যক্তিক সুখী কৰিব পাৰে।,1
এইটো চোৱাৰ পিছত মই হতাশালৈ গৈছিলো।,0
চিৰসেউজ ীয়া গান,1
গানবোৰ শুনিলে আকৌ এবাৰ চাবলৈ মন যায়,1
অই ধোকৰা তই মোৰা নাই ,0
একো ভাল লগা নাই,0
এনেকুৱা সুন্দৰ গীত শুনিলে বুকুত এহেজাৰ গোলাপে সচাঁকৈয়ে কলি মেলে,1
এইবোৰ গান হ'ল নে বাৰু ধুই,0
কুকুৰ,0
শিল্পী সমাজ পৰা এইহালক বহিস্কাৰ কৰিব লাগে,0
গতে জীবন কতাই দিম এইটো গান শুনি শুনি,1
তেওঁৰ ভিডিঅ'বোৰত এটা সমল সতৰ্কবাণী থাকিব লাগে।,0
যদি জান গাব নাজানো তেতিয়া হলে অযথা গান বোৰ গাই নাথাকিব,0
হ্যদয়ৰ অনুকম্পা জড়িত এক সূখানোভূতিমূলক সৰলতম অন্যতম প্ৰিয় সংগীত,1
আপোনাৰ প্ৰতিটো গানেই মোৰ কাৰণে প্ৰিয়,1
মজা মজা,1
ভাষা নাই,0
"এইটো শুনি, কৰোনা ঋণাত্মক ৰোগী এজন তৎক্ষণাৎ ইতিবাচক হ'ব",0
এইবোৰে আমাৰ উঠি অহা প্ৰজন্মক বিপথে পৰিচালিত কৰিছে,0
হৃদআক্ৰমণৰ গান,0
মন জুৰ পৰি যোৱা গান এটা উপহাৰ দিয়া বাবে গানটোৰ লগত জড়িত সকলোকে ধন্যবাদ জনাইছো,1
ষাৰ গৰু,0
গীতটি শুনি বহুত ভাল লাগে হৃদয়স্পৰ্শী,1
ফটোৱা চলা,0
শুনিয়েই দেহ মন জুৰ পৰি যায়,1
সংগীত মিলা নাই,0
চিঃচিঃ,0
মুখ্য অংশ,1
দেউতাই শুনি চাব কৈছিল এবাৰ ; মই এশবাৰ মান শুনিলো । ইমান ধুনীয়া কথা আৰু সুৰ,1
 আমি এনে গানবোৰ ককাৰ মোখতহে হোনো আজি নিজে চাবলৈও পালো,1
এইকাৰণে এলিয়েনসকলে কেতিয়াও পৃথিৱী ভ্ৰমণ নকৰে,0
হৃদয় চুই যোৱা কণ্ঠ,1
মোক্কেল ৰ কমি নাই দুনিয়াত,0
ফকটীয়া চাল্লা,0
"মাথো এটি শব্দকেই কম ""অতুলনীয়""",1
চি চি তোৰ মুখত থু পেলাব অসমৰ মানুহে,0
এইটো কেৱল গান নহয় এইটো মোৰ জীৱন,1
"আমি শ্ৰোতা হে,ৰচক আপুনি,সেয়ে দায়িত্বও বেছি।অনুভৱ কৰক।",0
এই গানটো শুনি মোৰ শৰীৰে কাম কৰা নাই,0
শতিকাৰ অন্যতম শ্ৰেষ্ঠ গীত।,1
অসমত আমি এই ধৰণৰ আৱৰ্জনা গীত নিবিচাৰো,0
চিৰসেউজীয়া নিপন গোস্বামী।,1
ইমান ধনীয়া কন্ঠ নিগৰাইছে মন জয় হৈ যায় ৰে,1
চিৰযুগমীয়া হৈ ৰব গানটি,1
মই এই গানটোৰ সৈতে আকৰ্ষিত হৈছোঁ,1
ঈশ্বৰ পৰ্যায়ৰ গান,1
সুকন্ঠৰে সভ্য গীত গাব লাগে !অসভ্য শব্দৰে কিয় নিজৰ সুকন্ঠক বলি দিছ,0
মোৰ চকুত কৰ্কট ৰোগ হৈছে,0
গীতৰ সুৰ বা আকাৰ দিয়া সকলো যেন এক জলপ্ৰপাতৰ আঘাটত মিঠা মিঠা অনুভৱ লৈ আমালৈ এই গীতটি উলিয়াই দিছে।,1
আপুনি এটা ভয়ংকৰ কাম কৰিছে,0
গানটো শুনি যিমান ভাল লাগিছে কমেণ্টবোৰ পঢ়ি বেছি ভাল লাগিছে।,1
মনটো কিবা যেন এটা নতুন আশাৰে উপচি পৰিল,1
আকৰ্ষণীয় কণ্ঠস্বৰ,1
ককাই আপোনাৰ প্ৰতিটো গানতে নতুনত্ব আছে ।,1
অপূৰ্ব অসমীয়া গীত,1
ভাল লগা নাই ইমান লিৰিকচ,0
মই এতিয়াও শুনো,1
আপুনি পৰৱৰ্তী প্ৰজন্মৰ বাবে অনুপ্ৰেৰণা।,1
মই প্ৰতিআবেলি এইটো শুনো,1
আচলতে মই এটা শব্দও বুজি নাপাওঁ কিন্তু কণ্ঠ আৰু সুৰ ইমান আশ্চৰ্যজনক,1
টিক্টোকাৰতকৈও বেয়া,0
ভাল লাগিছে চাই,1
আপুনি এতিয়ালৈকে কিয় জীয়াই আছে?,0
সৰ্বকালৰ প্ৰিয়,1
ল'ৰালি কাললৈ ঘুৰি গ'লো উচুপি উঠিল অন্তৰখন,1
অতি অপূৱ´ সুন্দৰ বিহুগীত,1
যেতিয়াই মই এইটো শুনিথাকো তেতিয়াই মই আচৰিত হৈ পৰোঁ,1
পাগল সন্থাৰ সভাপতিৰ ভিদিঅ চাই থকা সকলৰ বাবে লাল চাহ বনাই আছো খাই যাব,0
ই মাৰিলেও একো দুখ নাই,0
মই বহুত ভাল পাওঁ এই গীতটো,1
এইবিলাক ভূল নকৰিবা কিবা গান এটা কৰাৰ আগত ভালকৈ শুনি লবা যে গানটোত কি গাইছে,0
কন্ঠ জুই বুলিহে কলো আৰু দেই,1
"আজিৰ বিহু গীতে নোৱাৰে কিন্তু ফেৰ মাৰিব",0
অসম জিন্দাবাদ,1
অতি আকৰ্ষণীয় গান,1
তুমি বেশ্যা,0
 মনটো ভাল লাগি গ'ল ,1
মই আজিৰ প্ৰজন্ম যদিও এইবোৰৰ গোন্ধ ভাল পাওঁ,1
কেলা এই পাগল টো আকৌ,0
এইবোৰৰ কাৰণে আজিৰ অসমীয়া মানুহে অসমীয়া গান শুনিব বাদ দিছে,0
কতি কাটি কুকুৰক খুৱাম,0
আমনি নলগা গীত,1
বাক্সাৰ পৰা বহুত মৰম কুসুম দা লৈ।,1
এতিয়ালৈকে শুনা আটাইতকৈ বেয়া গান,0
বহুত ভাল লাগে গীতটি শুনি।,1
এনে ধৰণৰ অসমী প্ৰতিভা মোৰ বন্ধুবৰ্গৰ সৈতে ভাগ বতৰা কৰি মই গৌৰৱান্বিত,1
মাৰৰ মুৰটো গাইছ,0
এটি মিঠা‌ গীত,1
মই উল্লাসৰ অৱস্থাত আছোঁ,1
মজা মজা মজা,1
মজা হৈছে,1
কালজয়ী চিৰসেউজ গীত,1
কেনেকৈ ইমান অৰ্থপূৰ্ণ শব্দ বোৰ বিচাৰি পায়,1
আপুনি ইমান যাদুকৰীভাৱে কেনেকৈ গাইব পাৰে?,1
আপোনাৰ বাবে অধিক শক্তি।,1
মই একমাত্ৰ প্ৰাণী যি গানটো শুনি বেয়া পাইছোঁ,0
নিজা প্রতিভা নাই বুলিয়েই ক'ব পাৰিচোন,0
কিমানবাৰ শুনিলো যদিও হেঁপাহ পেলোৱা নাই,1
ককাইদেউ আমাৰ,1
"ময়ৰ সোঁতত সকলো হেৰাই থাকিল ।

",0
আজি কালি কিছুমান ফকতিয়া গায়কে বিহুক শুনিব নোৱাৰা কৰি পেলাইছে,0
কিমান পাগল,0
মজা লাগিলে,1
"মই বহুত ভাল পাও এই বিলাক গান শুনি

",1
নিৰ্লজ্জ্য কৰবাৰ,0
ইমান যে সুন্দৰ গীত,1
আমাৰ সম্পদ ,1
দিনক দিনে ফটুৱা হৈ গৈ আছে,0
কথা এটা কোৱাৰ আগতে এবাৰ হ'লেও ভবা উচিত,0
হে ভগবান আৰু কি কি দেখিম,0
দিন বাগৰাৰ লগে লগে সকলো বোৰ হেৰাই যাব ধৰে কিন্তু এই সুমধুৰ সুৰ বোৰে বৰ কৈ ৰেঙীয়াই কিবা ভাবি চকুলো চকু পানীৰে উপচি পৰে।,1
অসমৰ এটা মহান গীত,1
অসমীয়া চিনেমালৈ যাতে আকৌ আগৰ দিন ঘূৰি আহে,1
জুবিন দা ৰ দৰে কোনো নাই,1
মই এতিয়াও এই ৰত্নটো শুনি আছোঁ।,1
কাম নাই নেকি,0
খাটি অসমীয়া হিচাপে গৌৰৱ অনুভৱ কৰা,1
কাম বন নাই,0
" বিহু আমাৰ গৌৰৱ।বিহু অসমীয়াৰ প্ৰাণ।

",1
অলপো ভাল লগা নাই,0
আনকি মোৰ কুকুৰটোৱেও এই ভিডিঅ'টো চোৱাৰ পিছত ভয় খাইছিল।,0
সুন্দৰ,1
"এয়া কল্পনাৰ বাহিৰত, নিৰ্লজ্জ",0
মা কছম মজা ।,1
সঁচা কৈ হৃদয়স্পৰ্শী গীত,1
এই গানটো শুনি মোৰ কাণৰ পৰা তেজ ওলাইছে,0
কি বাল কৰী থকা এইবোৰ,0
বহুত ভাল লাগিছে গানটো,1
"অতিতলৈ মনত পৰে এই গানবোৰ শুনিলে , ইমান ভাল লগা গান",1
ইয়াতকৈ বেয়া ভিডিও জীৱনত দেখা নাই,0
কি অপূৰ্ব সৃষ্টি,1
ধুই,0
তেওঁৰ গানবোৰ ইমান মিঠা।,1
মই এই গানটো বাৰে বাৰে শুনি আছো।,1
বোইনাকচুদা,0
সীমান্ত এটা মস্ত চুৰ কেলা ,0
"কি কৈ আছে আপুনি একো বুজা নাই",0
বজৰোৱা সুৰ,0
এটা মগজু প্ৰাপ্ত কৰক,0
নিৰক্ষৰ,0
ফালি দিচা দাদা,1
ব্র টামাম ট্রল দি আছে তোমাক,0
কিমানবাৰ শুনিলো হিচাপ নাই,1
সঁচাকৈয়ে এডাল ধুনীয়া শব্দৰ মালা,1
ভাল লাগিল শুনি।। অগলৈ আৰু  শুনিবলৈ পাম বুলি আশা থাকিল,1
ভূলকৈ গানটো গাইছা শুধকৈ গোৱা।,0
ইমান বেয়া হব পাৰে জে ভাবিব টান লাগিছে,0
গীতটোত এটি আচৰিত শক্তি আছে,1
অসমীয়া কৃষ্টিৰ পথাৰত পুৰণি গীত-মাতসমূহৰ এক সুকীয়া মাদকতা  আছে ।,1
বৰ ভাল লগা গান,0
খুব সুন্দৰ শব্দৰ সমাহাৰ,1
"মই এই গান টু সদায় শুনো ,,,বহুত ভাল লাগে",1
মই ইয়াক এতিয়া মোৰ এলাৰ্ম হিচাপে ব্যৱহাৰ কৰোঁ আৰু মই মোৰ এলাৰ্মৰ এঘণ্টা আগতে সাৰ পাওঁ,0
অসমীয়া গীতৰ মাধ্যমেৰে প্ৰচাৰৰ জৰিয়তে আমাৰ অসমীয়াৰ অস্তিত্বক বজাই ৰাখি আছে,1
এক বুজাব নোৱাৰা সাঁথৰ।,1
আপোনাৰ সুন্দৰ সৃষ্টিৰ উপমা দিবলৈ যেন মোৰ হাতত বিশেষণীয় বিশেষণ নাই,1
গান চুৰ শিখৰ পান মচলা,0
কি সৃষ্টি,1
এইবোৰ আৰু কিবা নতুন কথা নে,0
গাহৰিপোৱালী,0
চিৰসেউজ গীত,1
আপোনাৰ সুৰ বহু  ধুনীয়া,1
এই গানটো আকৌ শুনিলে মই মৰিম,0
বালৰ গান আইগেলা,0
"ন শব্দৰ বাংময়তাৰ মাজত জোনাকৰ কিৰিলী,আখৰৰ নিঁভাজ মানচিত্ৰত ভাৱনাৰ চূড়ান্ত দলিল;হেৰাই গ'লো সুৰৰ যাযাবৰী নিজৰাত,হৈ পৰিলোঁ মুঁক স্মৃতিৰ আপাহত",1
মন গলেই শুনো,1
এই গানটো নিষিদ্ধ কৰিবই লাগিব,0
কৰোনাভাইৰাছে এইটো চোৱাৰ পিছত পৃথিৱী এৰি যায়,0
অশ্লীল গীতত ,0
একেবাৰে হৃদয় চুই গৈছে,1
বৰ আমোদ পালো । কথাছবিখনৰ নাম জানিলে ভাল পালোহেতেন ।,1
শব্দৰ কি এক অপূৰ্ব সমাহাৰ,1
গাহৰি,0
এই গানটোৱে মোৰ আত্মাক নৃত্য কৰি তোলে,1
এইটো সংস্কৃতিৰ বিৰোধী,0
মুঠতে সীমান্ত নে কি এইটো এটা মহা চোৰ কি ফাল্টু মাত। এইটোৰ মাততকে মোৰ মাতটোৱেই সুৱলা,0
এইবোৰৰ কাৰণে আজিৰ অসমীয়া মানুহে অসমীয়া গান শুনিব বাদ দিছে,0
মই ভাষাটো বুজি নাপাওঁ। কিন্তু মই এই গানটো ভাল পাওঁ,1
সুন্দৰ গীত । চিৰসেউজ,1
বিহুনামবোৰ সময়ৰ সোতত পৰি  বিহুসুৰীয়া গীতলৈ পৰিৱৰ্তিত হল,0
গচকি পেলালে পাৱত-গজি নিজকে শিল্পী বুলি পৰিচয় দিব খোজা এচামে।,0
হৃদয়ত বেলেগ এটা অনুভৱে খুন্দিয়ালে,1
কেনেকে এই বিশাল শব্দৰ গৰাকী তুমি,1
এইবোৰে আমাৰ উঠি অহা প্ৰজন্মক বিপথে পৰিচালিত কৰিছে,0
কোনোবাই অনুগ্ৰহ কৰি তেওঁক আন এখন দেশলৈ বিতাড়িত কৰক,0
বহুত ভাল লাগিল। চিৰযুগমীয়া সেই সোণোৱালী অতীতবোৰ,1
বাৰে বাৰে শুনিলেও হেঁপাহ নপলাই ইমান সুন্দৰ গান বনোৱাৰ বাবে আপোনালোকক ধন্যবাদ জনাইছোঁ ।,1
কেলা ননচেন,0
 ভূল নকৰিবা কিবা গান এটা কৰাৰ আগত ভালকৈ শুনি লবা,0
শংকু দাৰ প্ৰতিটো গানতেই এটি বিশেষ আৱেগ আৱৰি ৰাখে,1
এই গীততোৰ সৈতে বহুত স্মৃতি জড়িত হৈ আছে,1
 পচা ভেকুলী,0
এই আটাইতকৈ বেয়া গীতটো কোনে লিখিছিল,0
গু বনাইছ,0
বহুত ভাল লাগিছে,1
জহৰা,0
প্রিয় গীত মোৰ এইটো,1
"কিবা এটা ভাল অসমীয়া গান বা ভিডিও চাম বুলি ক্লিক কৰোঁ,শেষত এইবোৰ নকল চাব লগা হয়",0
তেখেতৰ গানৰ কাৰনে আশাৰে বাট চাই ৰৈ থকাটো আবেগত পৰিণত হয় পৰিছে,1
বহু দিনৰ পাছত এটা ভাল গীতৰ প্ৰেমত পৰিছো,1
"অমি জুবিন দাৰ গান আগটে অ শুনিছিল, আতিয়া অ শুনি আছোঁ, অাৰু আগলৈও শুনি জাম",1
কাহানিও শেষ নোহোৱা এটা গান,1
কুকুৰৰ পোৱালী অলপো লাজ নাপাই ইহতে যি মন যাই গাই থাকে,0
