Sentence,Sentiment,Translated
এই গানটো কোনে লিখিছিল নো?,1,Who wrote this song no?
মাকচুদু,0,makchudu
বৰ্তমান সময়ত এনেকুৱা মধুৰ গীত শুনিবলৈ পোৱা বহুত কঠিন,1,It is very difficult to hear such sweet songs today.
কি গান গাবলৈ আহি ছ,0,What songs to sing
গানটো গাবলৈ লাজ নাই,0,No shame in singing the song
শুনি থাকিলেই শুনি থাকিব মন যোৱা কালজয়ী গীত,1,Listen to the classic songs you feel like listening to
পুৰণি কুসুম দা আকৌ উভতি আহিছে,1,Old Kusum Da is back
"এজন চৰকাৰী বিষয়া হোৱাৰ বাবে, মই সদায় মোৰ ঘৰৰ পৰা হাজাৰ কিলোমিটাৰ দূৰত আছোঁ..আৰু যেতিয়াই মই দুখ অনুভৱ কৰোঁ বা যিকোনো বস্তুতকৈ মোৰ ঘৰটো হেৰুৱাওঁ, মই কেৱল এই গানটো শুনো",1,"Being a government official, I am always thousands of kilometres away from my house. And whenever I feel sad or lose my house more than anything, I just listen to this song"
এইটো চাই অসমবাসীৰ মৃত্যু হৈছে,0,Assamese have died after watching this
এনেকুৱা ধুণিযা গীত কত পাম।,1,How much can I get such a beautiful song?
আসক্ত,1,addicted
মজা লাগিল ভাল লাগিল বহুত আনন্দ পালো,1,"It's fun, it's nice to have a lot of fun."
কি ফালটো গান বনালে,0,What a side song you made
কি যে সুন্দৰ গীতটো,1,What a beautiful song
ইমান ধুনীয়া গান টো,1,Such a beautiful song
একেবাৰে ফাল্টু।,0,Absolutely faltu.
ভিকাৰি নেকি বে,0,Beggary Bay
এই গানটো শুনি মই বহুত ভাল অনুভৱ কৰোঁ।,1,I feel great listening to this song.
গৌৰৱৰ কথা এয়ে যে কমেন্ট বক্স ত গৰিষ্ঠ সংখ্যকে অসমীয়া ত কমেন্ট কৰিছে,1,Proud lying in the comment box a large number commented on Assamese
বাল ভিডিঅ',0,Bal Video
কি নৰক ভাই,0,What hell brother
গৰু,0,cow
আজিৰ আধুনীক দিনৰ বিহুৱে এনেহেন বিহুক ফেৰ মাৰিব নোৱাৰে,1,Today's adhuni is not able to beat such bihu by day bihu.
ইমান বেয়া গাই জ সব গানত তাক মাৰিব আহে গুণদা বোৰ,0,So bad sings that all the songs come to kill him gunda
অনুগ্ৰহ কৰি মূৰ্খ ৰখা বন্ধ কৰক,0,Please stop keeping fools
এই লোকসকল  অসমীয়া গীতৰ  পতনৰ বাবে দায়ী,0,These people are responsible for the fall of Assamese songs
এটা গান কিমান শান্তিপূৰ্ণ হ'ব পাৰে,1,How peaceful a song can be
হৃদয় স্পৰ্শকৰা গান,1,Heart Touching Songs
লাভ ইউ জুবিন দা,1,Love You Zubin Da
সঁচাকৈ গানটোৰ পৰা বহুত সাহস পালোঁ,1,I really got a lot of courage from the song.
সৰু কালত ৰেডিঅ'ত শুনা গান এতিয়া শুনি চকু মুদি সৰু কালৰ দিনবোৰ ৰোমন্থন কৰি আছো,1,Listening to the songs heard on the radio as a child are now making a splash of eyes and churning out the days of childhood.
নিলাজ,0,shame
কবোলৈ একো ভাষা অ নাই,1,There is no language to say
গীতৰ জাত মৰিলে,0,The song is dead
মজা ভাই,1,Fun Brother
অসমীয়া সংস্কৃতি ধৰি ৰখা অতি অতি কৈ সুন্দৰ গীত,1,Very beautiful songs that hold Assamese culture
আপুনি আমাৰ অসমীয়া সমাজৰ বাবে এটি উজ্বল তৰাৰ দৰে,1,You are like a shining star for our Assamese society.
মই এতিয়া বধিৰ আৰু বোবা।,0,I'm deaf and dumb now.
জুবেন ... কি নাম .. কি কণ্ঠস্বৰ... অবিশ্বাস্য ...,1,Juben... What's the name.. What a voice... Incredible...
মই শিল্পী আখ্যা দিব নিবিচাৰো,0,I don't want to be called an artist
ভাই শুনি আমনি লাগিল,0,Brother was bored to hear
কি ফটোৱা,0,What photowa
সঁচাকৈ অদ্ভূত আৰু মোহনীয় গান,1,Truly strange and enchanting songs
আহঃ ইমান ধুনীয়া বিহুগীত,1,Ah: Such a beautiful song
এই বোৰ গান হল নেকি কেলা হুত,0,Are these songs kela hut?
বাজে কথা,0,Stupid topic
একো অৰ্থ নাই গান টোৰ,0,The song doesn't mean anything
এই গানটো সৃষ্টি কৰাৰ বাবে আপোনাক বহুত ধন্যবাদ,1,Thank you very much for creating this song
বৰ ভাল লাগিল আৰু আছে যদি দিব,1,It's great and there's if i'll give it
সোণালী গান।,1,Golden song.
"ঢোল পেপাঁৰ সুন্দৰ শব্দ শৈলীৰ মাজত সাজ পোছাকৰ বিভিন্নতাই গানটোক বিকৃত কৰা যেন অনুভৱ হল,আপোনাৰ পৰা ইয়াতকৈ বহু বেছি আশা কঁৰো",0,"The variety of costumes in the beautiful sound style of dhol papa seemed to distort the song, i expect a lot more from you than this."
"ফফৰা  লোকৰ গানেৰে জনপ্ৰিয়তা গোটালে কি হ'ব,সচাঁটো ওলাবই",0,"What happens if the fan's songs bring popularity, the truth will come out"
খেকাৰ লাগি আছে কাহ এটা মাৰি গাব লাগিছিল ৰাকু দা,0,Raku Da had to sing a cough.
যান্ত্ৰিকতাই গচকি পেলালে,0,Mechanicality shattered
শেষলৈকে সহ্য কৰিব নোৱাৰি,0,Can't stand till the end
"কিমান যে শুৱনি আগৰ গীতবোৰ ,এবাৰ শুনিলে আৰু শুনি থাকিবলৈয়ে মন যায়।",1,"How many songs before listening, it is hearth to listen and listen to them once."
এই গানবোৰ শুনি সকলোৱে মৰিব,0,Everyone will die after listening to these songs
ধুনীয়া গানটো শুনি কমেণ্ট পঢ়ি থকা সকলৰ বাবে ৰঙা চাহৰ ব্যৱস্থা কৰা হৈছে৷ অনুগ্ৰহ কৰি গ্ৰহণ কৰে যেন,1,Red tea has been arranged for those reading comments after listening to the beautiful song. Please accept it as if
সদায় প্ৰিয়  একান্তই নিজৰ অনুভৱ,1,"Always dear, it's your own feeling."
পাগল মানুহ,0,Crazy people
গীতৰ কথা কি সুন্দৰ,1,What a beautiful song
এই মূৰ্খ ব্যক্তিজন কোন,0,Who is this stupid person
তই এটা মক্কেল যোহৰা,0,That's a client johra
এই আৱৰ্জনাবোৰ কিয় আপলোড কৰিছা,0,Why upload these wastes
আপোনাৰ গানৰ ভাষা-শৈলীৰ এটা সুকীয়া মাদকতা আছিল। এইটো গানত বিচাৰি নাপালোঁ,0,Your song language style had a distinct intoxicating ness. Couldn't find it in the song
এনেধৰণৰ পুৰণি বিহু মাজতহে বিহুৰ আচল মাদকতা সোমাই আছে,1,It is in the midst of such an old Bihu that bihu's real intoxicating intoxication is embedded.
মোককেল কেলা ঠাকুৰীয়া,0,Mokkel Kela Thakuria
জীৱন কাইটীয়া হ'ল,0,Life is over
তুমি নিজে ভাল  গান ওলোৱা আৰু গোৱা,0,You yourself have a good song and sing
দাদা মোৰ সদায় প্ৰিয়,1,Dada is always my favourite
আপুনি গান গোৱা বন্ধ কৰা উচিত,0,You should stop singing
আমিবোৰ যেন পশ্চিমৰ সংস্কৃতিত লীন গলো,0,We seemed to be absorbed in western culture.
মাকচাই দিনটো লাগি আচে চেত,0,Maksai din lagi achhe chet
ফালি দিচা ভাই,1,Fali Disa Bhai
সঁচাকৈয়ে এডাল ধুনীয়া শব্দৰ মালা,1,A really beautiful garland
হৃদয় স্পৰ্শকৰা গান,1,Heart Touching Songs
আপোনালোকে এনেকৈ জনপ্ৰিয় নহলেও হব,0,You will not be popular like this
ফালতু গান,0,sly song
কাউৰীৰ গান আপোনাৰ তকৈ ভাল,0,Crow's song is better than yours
"মই মোৰ আইতাৰ সৈতে চিকিৎসালয়ত আছিলো আৰু মই দুৰ্ঘটনাক্ৰমে এই গানটো বজাইছিলো, চিকিৎসালয়খন এতিয়া এটা কবৰস্থান",0,"I was in the hospital with my grandmother and I accidentally played this song, the hospital is now a cemetery"
এই লোকসকল কোন আৰু তেওঁলোকৰ অস্তিত্ব কিয় আছে,0,Who are these people and why do they exist
চুঁৱৰ,0,pig
ফকতীয়া  গান,0,faktia song
মনতুত নতুন গানবোৰে আনন্দ দিয়ে কিন্তু এনে গানে হিদয়ৰ মাজত মৌচুমিৰ মলয়া বতাহ বলাই মন হিতল কৰি দিয়ে,1,New songs in mind bring joy but such songs make the mind feel good by saying the air of monsoon in the heart.
এই গীতটোৱে সমগ্ৰ অসমসংস্কৃতিক আক্ৰমণ কৰে,0,This song attacks the entire assamculture
লিৰিচ্ছ বোৰ ভাল কৰা ভাই জা তা গাই থাকিলে কি হব,0,What happens if you sing the leerch well done brother ja
"এইটো কেৱল এটা গান নহয়, এইটো এটা আৱেগ",1,"It's not just a song, it's an emotion"
এনেকৈয়ে আগুৱাই যোৱা তুমি,1,That's how you go
মানুহে ইয়াক কেনেকৈ গ্ৰহণ কৰিব পাৰে?,0,How can people accept it?
ই ইমান আৰামদায়ক,1,It's so comfortable
তহতক কুকুৰ বুলি কলেও কুকুৰকেইটাক হে অপমান কৰা হব।,0,"Even if they are called dogs, only dogs will be insulted.
"
কিযে অপূৰ্ব সংগীত,1,What a wonderful music
লাইকতকৈ বেছি অপছন্দ আছে,0,There are more dislikes than likes
হৰামি,0,harami
মই বহুদিনৰ পৰা গীতটোৰ আপেক্ষা কৰি আছিলোঁ ।,1,I had been waiting for the song for a long time.
এই ভিডিঅ'টো চোৱাৰ পিছত মই এতিয়া চিকিৎসালয়ত আছোঁ,0,I am now in the hospital after watching this video
জুই,1,fire
বৰ্বাদ গীত,0,vabad geet
বহুত শুৱলা হৈছে,1,It's too dry
এই গানটোৰ অংশ হোৱা সকলোৰে বাবে লাজ,0,Shame on everyone who is a part of this song
মন প্ৰাণ কাঢ়ি নিয়া সতেজ বিহু,1,Fresh Bihu taking away the mind
সুকন্ঠৰে সভ্য গীত গাব লাগে,0,Sing civilised songs with a voice
এই গানটোৰ সকলোবোৰ আমনিদায়ক,0,Everything in this song is boring
অনুগ্ৰহ কৰি এই গানটো নিষিদ্ধ কৰক,0,Please ban this song
মই এই গানটো নিৰন্তৰ শুনি থকাৰ কেইমাহ মান হ'ল,1,It's been a few months since I'm constantly listening to this song.
সঁচা অসমীয়া যদি অলপ নিজৰ মৌলিক চিন্তা খটুৱাই কাম কৰক,0,True Assamese if you work with a little bit of your basic thoughts
মই ভাল পাওঁ যে অসমসংগীত উদ্যোগ ক'লৈ গৈ আছে।,1,I love where the Assam music industry is going.
এই গীতটিয়ে মনটোক সতেজ কৰি তোলে,1,This song refreshes the mind
এই গানটো ইমান আৰামদায়ক,1,This song is so comfortable
বিহুৰ প্ৰকৃত ৰস আজিহে পান কৰা যেন লাগিল।,1,The real juice of Bihu seemed to be consumed today ittha.
চমৎকাৰ,1,fantastic
কি ফকতিযা গান কেলা,0,Ki Faktiya Gaan Kela
ৰেপৰ্ত মাৰি দিলোঁ,0,I hit the rapper
যাদু এটা আছে এই কণ্ঠত,1,Magic is in this voice
"গু খাই ভালপোৱা মানুহ থাকিলে হাগিবই লাগিব ন! হাগি যোৱা এনেকৈ।


",0,"If you have a person who loves eating jaggery, you don't have to laugh! That's how it's lost.

"
"ফতুৱা,অবদ্র অসমৰ নাম জাত যাবলে গান গাবলৈ সাজু হৈছ",0,"Fatwa, Adra Assam's name caste Jaal is ready to sing"
এইটো সচাকৈয়ে প্ৰশংসা কৰোঁ।,1,I appreciate it all the way.
আকৰ্ষণীয়,1,interesting
এই পাগলটোৰ  পাগলামি বাঢ়ি গৈ আছে ।,0,The madness of this madman is growing.
মোৰ বাবে এই গীতটিয়ে শ্ৰেষ্ঠতম হৈ ৰব,1,This song will be the best for me
গান গাবলৈ এৰি দিয়ক,0,Leave to sing
মৰহি যোৱা অসমীয়া   গীত  আকৌ জীপাল হৈ উঠিছে,1,The dying Assamese song has again become jipal
মুখ দিয়ে গাইছে নাকী নাক দিয়ে গাইছে বোঝাই যাচ্ছে না,0,It's not underscored that the nose is singing with your mouth.
আপুনি কেতিয়াও আমাক অসন্তুষ্ট নকৰে,1,You never offend us
আজি প্ৰথম বিহুৰ দিনা প্ৰকৃত বিহু চাব পাই ধন্য হৈ গলোঁ,1,"Today, on the first Bihu day, I was happy to see the real Bihu."
"ক'বলৈ শব্দ নাই, বিশেষ ভাৱে সক্ষম সকলক বহুত উৎসাহিত কৰিব",1,"No words to say, encourage specially abled people a lot"
হৃদয় চুই যাই,1,Let's touch the heart
সুন্দৰ বিহু গীত,1,Beautiful Bihu Song
আজিকালি বিহুবোৰ কিবা দুদিনমান শুনাৰ পাছত আকৌ শুনিবলৈকে মন নাযায়।,0,Nowadays i don't feel like listening to bihu again after listening to them for a couple of days.
ভাল নালাগে এইবোৰ ককা,0,Don't like these grandfathers
ফকতীয়া গান বনাব আহিছা,0,You're going to make a song.
কেলা চুলিৰ দোকান,0,Black hair shop
গানটো শুনি থাকিলে সঁচাকৈ ফাগুনৰ পচুৱাই যেন ৰঙা পলাশৰ সৈতে মনটো বহু দূৰলৈ উৰুৱাই লৈ যায় তেনে লগে,1,Listening to the song really takes the mind away with the red palash.
"আপোনাৰ গানত ৰস বহুত আছে , বহুত ধুনীয়া",1,"There is a lot of juice in your song, very beautiful"
"অসভ্য শব্দৰে কিয় নিজৰ সুকন্ঠক বলি দিছ
",0,"Why do you sacrifice your voice with rude words
"
এবুৰ বাল গান,0,Abu's Bal Gun
আপুনি গান গোৱাৰ ধৰণটো মই ভাল পাওঁ,1,I love the way you sing
আজি দিনত হেৰাই গল এইবোৰ বিহুৰ,0,These are the bihus lost today
মোৰ অতিকৈ ভাল লাগে পূৰণি বিহু,1,I love Purani Bihu
মোৰ ভৰিবিলাক বিষত আছিল আৰু এতিয়া মইও অন্ধ।,0,My legs were in pain and now I am blind too.
জয় আই অসম!,1,Joy I assam!
অনুগ্ৰহ কৰি এই গায়কৰ একাউণ্ট নিষিদ্ধ কৰক,0,Please ban this singer's account
.মই অসমবুজি নাপাওঁ কিন্তু মই এই সুৰ আৰু সংগীত ভাল পাওঁ,1,I don't understand inequality but I love this tune and music
কাউৰীক ভয় খুৱাবলৈ সৰ্বশ্ৰেষ্ঠ গান,0,The best song to scare the crow
"বুঢ়া চেও ঢোলৰ তেনেকুৱা থাকিলে শুনিব মন এটা আছিল
",1,"It was a mind to listen if old Seo Dhol had the same
"
কি অপচয়ৰ গান,0,What a waste song
আনৰ গান চোৰ কৰোতে জাবো,0,Watch others while sing
কেতিয়াও পুৰণি হৈ নোযোৱা গান,1,Songs that have never been old
কি ঘেন্টা গান হৈছে এইটো,0,What a ghenta song is this
কি ফালটো বে,0,What's the side bay
সুন্দৰ নিদৰ্শন,1,Beautiful Vision
ইমান ফালতু আৰু ফকতীয়া গান খুনা নাই,0,Don't open such a shitand a fat song
বিহুসূৰিয়া গীত,1,Bihusuriya Song
গানটো মোৰ প্ৰিয় হৈ গল এইকেদিনতে,1,The song became my favourite these days
বহুত ভাল লাগিলে আত্মবিশ্বাস থাকিলে মানুহে কৰিব নোৱাৰা একো নাই,1,There is nothing people can do if they have confidence if they like it very much.
এইটো সঁচাকৈয়ে ধুনীয়া।,1,It's really beautiful.
অন্য এটা প্রিয় গান।।।মন শান্ত কৰি দিয়ে।।লগতে কিছু দুখঃ দিয়ে।।আবেগিক হৈ পৰো,1,Another song is a favorite song. Calms the mind. Also give some sorrow. Get emotional
আপোনাৰ সৰ্বনামউন্নত কৰক,0,Improve your pronoun
তাহানিৰ বিহুৰ আমেজেই বেলেগ এনেকুবা বিহু আগলৈও আশা কৰিলো।,1,Tahani's bihu image is something different Bihu has hoped for further.
অসম আৰু অসমীয়া গান,1,Assam and Assamese songs
এনেকুৱা গান আৰু লাগে,1,Such songs are more needed
সচাঁই কি ধুনীয়া বিহু,1,What a beautiful bihu
চিৰ যুগমীয়া গীত,1,Everlasting Songs
এই গীতবোৰে আমাৰ অসমী যুৱকসকলক ধ্বংস কৰি আছে,0,These songs are destroying our Assamese youth
নতুন গান আহিব আৰু যাব কিন্তু এইটো গান‌ চিৰযুগমীয়া,1,New songs will come and go but this song is everlasting
তালৰ নামত বেতাল খন গাইছে দাদা,0,Dada sings the betaal in the name of tal
ক'ব নোৱাৰাকৈ হঠাৎ অশ্ৰু নিগৰি আহিল।,1,"Unable to say, tears suddenly came out."
মোৰ কাণ ক্ষতিগ্ৰস্ত হৈছে আৰু মোৰ চকুৱে কাম কৰা নাই,0,My ears are damaged and my eyes are not working
"হই অ, অসমৰ বিহুৰ আজি কালি গায়ক বিলাকে শেষ কৰি দিলে, চব বিক্ৰি  কৰি নিজৰ পেত ভৰাইছে


",1,"Yes, the singers of Bihu in Assam have finished these days, selling the sauce and filling their feet.

"
গানটো বহুত ভাল পাওঁ,1,I love the song a lot
এটো গান হল নেকি ফটোয়া গান বোৰ গাই গাই বিখ্যাত হৈছো,0,Is it a song that has become famous by singing photosongs?
বাপেৰৰ মুৰ টো গাইছো‌ তোৰ থব্ৰা নাই হিৰো হোৱাৰ,0,Sing the father's head to become a hero without your thabra
গেদা,0,be a dissonof
"অসমৰ সৰ্বকালৰ এক অন্যতম শ্ৰেষ্ঠ অভিনেতা ''বিজু ফুকন "" ! অসমীয়া বোলছবি জগতলৈ আপোনাৰ মহান অৱদানৰ বাবে আমি আপোনাৰ ওচৰত চিৰ কৃতজ্ঞ !",1,Biju Phukan is one of the greatest actors of all time in Assam! We are eternally grateful to you for your great contribution to the Assamese film industry!
তেওঁৰ ভিডিঅ'বোৰ চোৱাৰ পিছত মানুহবোৰ পাগল হৈ পৰিব।,0,People will go crazy after watching his videos.
" এতিয়াৰ সংগীতৰ উঠিৰজা বহিৰজা পাৱতগজা সকলে মিলিজুলি বিহুক পইছা উপাৰ্জনৰ মেচিন কৰি পেলালে, হত্যা কৰিলে।",0,The now music maestro Baherja Pavatgaja made Milijuli Bihu a money making machine and killed him.
লৰা ছোৱালীক কব পাৰিম। আমি জুবিন দাৰ গান শুনি ডাঙৰ হোৱা।,1,I can tell the children. We grew up listening to Zubin Da's song.
মোৰ এটা প্ৰিয় গান,1,One of my favorite songs
২০২০ চনত কোনে কোনে চাইচা কমেন্ট কৰিবা।,1,Who will comment in 2020?
ইমান সুন্দৰ সংগীত,1,Such a beautiful music
মই এই গানটোৰ বিষয়ে এটাও ভাল কথা ক'ব নোৱাৰো।,0,I can't say a single good thing about this song.
কিছু ধুনীয়া গান।এবাৰ নুশুনাকে থাকিবই নোৱাৰো,1,Some beautiful songs. Can't stay unheard of once
"এটি গান, অতুলনীয় গান  গানৰ শবদবিন্যাস আৰু আলোকচিত্ৰ সংগ্ৰহ সঁচাই অদ্বিতীয়",1,"A song, unique song song style and photo collection are truly unique"
কিয় এনেকুৱা ৰুপ লৈছে আপুনি,0,Why are you taking such a roop
এতিয়ালৈকে আটাইতকৈ বেয়া গান,0,Worst song ever
বিহু বিহু লাগি গৈছে ও ইমানে মজা কি কম,1,Bihu Bihu is stuck and what's less fun
আনকি শিশুৱেও ইয়াতকৈ ভাল প্ৰদৰ্শন কৰিব পাৰে,0,Even children can perform better than this
এই গানটোৰ প্ৰতিটো শব্দই হৃদয় স্পৰ্শ কৰে,1,Every word of this song touches the heart
খুব বেয়া,0,Very bad
অন্ততঃ আপোনাৰ পৰা এনেকুৱা গীত আশা কৰা নাছিলোঁ,0,At least I didn't expect such a song from you
কবলৈ গলে আমঠু ৰঙালী বিহুৰ এয়াহে আচল বিহু,1,To say that this is the real Bihu of Amthu Rangali Bihu.
ঐ কেলা মানুহ মৰিৱ তোৰ গান সুনি।তই গান নাগাৱি,0,That black man is dead and your song Is Suni. That's the song Nagawi
এনেকুৱা গান নাইকীয়া হৈ গৈছে,1,Such songs have disappeared
কিমান ভাল লাগিছে তুলনা কৰিব নোৱাৰি,1,Can't compare how nice it looks
গান শিকক তাৰ পিছত গান গাবলৈ আহক,0,Learn to sing then come to sing
"ভাল লাগিল আকৌ কিবা এটা নতুনত্ব দেখি,",1,"It's nice to see something new again,"
বহুত কষ্ট হৈছিল,0,It was very difficult
মোৰ প্ৰিয় গান,1,My favorite song
আজিও চিৰ যুগমীয়া এই গীতবোৰ,1,These songs are still the age-long ones.
সৰ্বকালৰ সৰ্বশ্ৰেষ্ঠ,1,The best of all time
ইতিমধ্যে আঠ বছৰ হৈছে আৰু মই এতিয়াও এই গানটো ভাল পাওঁ,1,It's already been eight years and I still love this song
বোবা,0,dumb
অসমীয়া সংগীতক আগবঢ়াই লৈ যোৱা বিশ্ব দৰবালৈ,1,To the world door leading Assamese music
মই যি শুনিছোঁ সেয়া এতিয়া বমি হ'ব,0,What I hear will now be vomiting
আপুৰুগীয়া গীত,1,rare song
গৰিলা,0,guerrilla
মই এই গানটো প্ৰতিদিনে বজাওঁ,1,I play this song every day
গান বোৰ অলপ ভাল দৰে গাবা,0,Sing songs a little better
নিৰ্লজ্জ,0,shameless
এয়াহে আচল অসমীয়া বিহু,1,This is the real Assamese Bihu
বাপেৰৰ মুৰ টো বনাইছো,0,Make the head of the father
মোৰ কবলৈ ভাষা নাই..,1,I don't have the language to say.
সস্তীয়া জনপ্ৰিয়তাৰ কাৰণে সেইবোৰ নকৰিব।,0,Do not do them because of cheap popularity.
বহুত ভাল লাগিল গানটো শুনি যদিও মই নৱপ্ৰজন্মৰ উথি অহা চামৰ লৰা তথাপিও মই এনকুৱা পুৰনি গান বোৰ শুনি বহুত ভাল পাও,1,It's great to hear the song even though I'm the new generation's rising leather boy but I love listening to the old songs.
মই অসমভাষা জানো আৰু মই এই গানটো ভাল পাওঁ,1,I know Assamese and I love this song
যেতিয়া নিজক অকলশৰীয়া অনুভৱ কৰো তেতিয়াই এই গানটো শুনি দিও নিজকে শক্তিশালী অনুভৱ হয়,1,Listening to this song feels strong when I feel lonely
একদম ফালি দিছা,1,You've torn it all over
আপুনি ভাবেনে যে এইটো কোনো পছন্দৰ মূল্যৰ?,0,Do you think it's worth any choice?
চুৰ চালা,0,chur chala
এয়া-আচল অসমীয়াৰ বিহু,1,This is the real Assamese bihu
ইমান ধুনীয়া বিহু গানবোৰ শুনিয়েই সৰুৰ পৰা ডাঙৰ হ'লো,1,He grew up from a young age after listening to such beautiful Bihu songs.
মোৰ সকলো সময়তে ভাল লগা গান এইটো,1,This is the song I love all the time
সংগীতৰ ৰজা তুমি দাদা।ভাষাহীন আবেগ তোমাৰ প্ৰতি।,1,"You are the king of music, Dada. Languageless passion for you."
মাই গদ হি ইচ মেদ কেলা,0,My ass he is fat kela
২০২০ কোনো শুনি আছা।,1,2020 is listening to someone.
শব্দৰে বুকু ভেদি হৃদয় স্পর্শ কৰিবলৈ সক্ষম হোৱা  গান,1,Songs that are able to touch the heart with words
তামাম,1,tamam
গানটো শুনি বহুত ভাল লাগিছে,1,It's great to hear the song
অই ফোটোৱা মৰি জা না কেলা,0,Oi Photowa Mori Ja Na Kela
সুৰ অন্তৰত  সোমাই গৈছে,1,The tune has entered the heart
জহৰা,0,jewellery
নিজৰ প্ৰতিভাৰ ওপৰত বিশ্বাস ৰাখি আগুৱাই যোৱা ।,1,To keep faith in your talent and move forward.
গেচদি অসম শেষ হল,0,Gasdi Assam is over
মই পক্ষাঘাতগ্ৰস্ত,0,I'm paralyzed
শুনি থাকিলেও আমনি নলগা আপুৰুগীয়া গীতটিৰ ভিডিও সহ চাবলৈ সুবিধা কৰি দিয়া বাবে অশেষ ধন্যবাদ।,1,Thank you very much for allowing you to watch the song with a video of the song that is not boring even if you are listening.
আমাৰ দিনৰ গান,1,Songs of our day
ধুনীয়া লাগিছে নীল আকশ দা,1,Looks beautiful Neil Aksh Da
শব্দবোৰৰ প্ৰেমত পৰিছো,1,Falling in love with words
মই ইয়াতে মৰিছিলো,0,I die here
"এই খাৰ খোৱা অসমীয়া বিলাক সলনি কেতিয়া হব


",0,"When will these saline Assamese be replaced

"
এয়া হৈছে এক সম্পূৰ্ণ নতুন স্তৰলৈ অসমী গীতৰ উদ্ভাৱন।,1,This is the invention of Assamese songs to a whole new level.
এনেকুৱা গায়াক আৰু অসমত নওলৈ,1,Such a cow and not in Assam
"অসভ্য, লেতেৰা, কুকুৰ, নিলাজ, পাগল, বনৰা",0,"rude, dirty, dog, nilaj, mad, banara"
পুৰণি গীত বোৰ বাৰে বাৰে শুনিলেও মন ভাল লাগে,1,It's nice to hear old songs over and over again.
বৰ সুন্দৰ,1,very beautiful
"মন'লৈ গভীৰ প্ৰশান্তি অনা এটি গীত ।নিজ'কে হেৰুৱাই গীতত বুৰ গৈ আছো,আগলৈ আৰু সুন্দৰ গীত শুনাৰ আশাৰে, বহুতো শুভকামনা",1,"A song that brings deep tranquillity to the mind. Losing ourselves and going to the song, hoping to listen to more beautiful songs, many good wishes"
মোৰ কাণৰ বাবে নিখুঁত অত্যাচাৰ।,0,Perfect torture for my ears.
চুৰ কৰা গান,0,Stolen Songs
নুশুনিলেই হল,0,It's not heard
এই গানটোৰ কথাবোৰ ইমান অৰ্থপূৰ্ণ,1,The lyrics of this song make so much sense
কি লেকিচা বে চি,0,Ki Lekisa Bechi
বহুত ধুনীয়া হৈছে মোজা মোজা,1,Very beautiful is socks socks
হতাশাজনক,0,disappointing
অবাইচ প্ৰানী,0,Abais Prani
হাগুৰা ৰাজকুমাৰ তাৰ মককেলামি সা,0,Hagora Rajkumar his Makkelami Sa
মই এই গানটো মোৰ অন্ত্যেষ্টিক্ৰিয়াত বজোৱাটো বিচাৰো যাতে আনৰো মৃত্যু হয়,0,I want this song to be played at my funeral so that others die.
মক্কেল,0,client
এইবিলাক গানৰ কেতিয়াও মৃত্যু নহয়,1,These songs never die
ফাল্টু গান,0,Faltu Song
ইমান ধুনীয়া বিহু গীত নাচো নাচো লাগে ধন্যবাদ,1,Thank you for dancing such a beautiful Bihu song
এইটো চোৱাৰ পিছত মোৰ ডায়েৰিয়া হৈছে,0,I have diarrhea after seeing this
গান এটা কিমান বেয়া হ'ব পাৰে তাৰ কোনো সীমা নাই,0,There is no limit to how bad a song can be
বেয়া গায়ক,0,Bad Singer
গায়কজনক অভিবাদন,1,Greetings to the singer
ভাষা ই হেৰাই গল বৰ্বাদ গীত,0,Language it is lost Varbad song
এইয়া আমাৰ গৌৰব।,1,This is our pride.
বিহুক বিহু হৈ থাকিবলৈ দিয়া। বিহু সুৰীয়া কৰি নেপেলাবো।,0,Let Bihu remain bihu. I'm not sure if Bihu is suriya.
বাৰে বাৰে শুনিও হেপাহ পলোৱা নাই,1,Don't get lost despite hearing it over and over again
তোমাৰ গান বোৰ কীও ইমান লেতেৰা,0,Your songs are so dirty
মোক্কেল,0,mukkel
গানটোত কোনো অৰ্থ নাই,0,There is no point in the song
এই গানটো শুনি মোৰ মূৰটোৱে কাম কৰা নাই,0,My head is not working after listening to this song
অসমৰ পুৰণি সম্পদ সমূহ দেখা পাই মোৰ বেছি ভাল লাগিল,1,I was more than happy to see the old resources of Assam.
অতি সুন্দৰ গান,1,Very beautiful song
মই তোমাৰ গান শুনাতকৈ কাউৰীৰ মাত টো পছন্দ কৰিম,0,I'd prefer the crow's voice to listening to your songs
অসমীয়া শিল্পী সমাজৰ কলংক চাল্লা,0,Kalank Challa of Assamese Artistes Society
আপোনাক বান্দৰৰ দৰে দেখায়,0,You look like a monkey
অসভ্য গীত,0,rude song
স্বাস্থ‍্যৰ বাবে হানিকাৰক মেন,0,Harmful men for health
কি মানে এইবোৰ,0,What do these mean
অনুগ্ৰহ কৰি মোক হত্যা কৰক,0,Please kill me
ষাঁড় গৰু তুমি,0,Bull Cow You
অসভ্যালি দেখি মুৰটো ঘুৰাই গ'ল,0,Saw Osawalli and turned his head
"যদি আপোনাৰ কাপোৰ নাই মই তোমাক দিম, ছানী লিয়নী হোৱাৰ প্ৰয়োজন নাই",0,"If you don't have clothes I'll give you, don't need to be Sunny Leone"
আজিও শুনি আছে,1,Still listening today
মা কছম মজা ।,1,Mother is a little fun.
চিৰস্থায়ী গান,1,Everlasting Songs
সুন্দৰ দাদা,1,Beautiful Brother
চুদুৰভাই টোহত হাজাৰ জন্ম লৈও শিল্পী হব নোৱাৰ,0,Chudurbhai can't be an artist even after thousands of births in toh
অসমীযা জাতিৰ অধপতন,0,Decline of Assamese nation
"আচলতে এইবোৰ হে বিহু, মোৰ মন জুৰ পেলাই দিলে


",1,"In fact, these are bihus, my mind is filled with flames.

"
আপুনি মৰি নজাই কিও অসম খন শান্তি ত থাকিব দিয়া নাই আপোনাৰ গান এ,0,You don't die or assam is not allowed to live in peace your song A
মতামত দিবলৈ ভাষা নাই,1,No language to give feedback
"
যেতিয়া অকলে নিজক বিচাৰো তেতিয়া এই গীতটি শুনো",1,"
Listen to this song when you want yourself alone"
"এনেকুৱা সোণালী সময়ৰ গান, কথাছবিবোৰ যাতে আগলৈও পাঁ‌ও । সেয়ে আশা কৰিলোঁ",1,Such golden time songs and films so that they can go ahead. So I expected
অসমৰ ছাগলী সেইটো কাম নাই ভিক্ষাৰীহতৰ অসমখন লেতেৰা কৰি দিছে,0,The goats of Assam that's not the job it's making the assam dirty of beggars
"গানটোৰ গভীৰ ভাৱ অৰ্থ নিজৰ দাদাৰ বাবে থকা মৰম, বেদনা আৰু অনোৰোধ সলাগীবলগীয়া",1,"The deep feeling of the song means the love, pain and inresistance for your grandfather."
আপুনি এতিয়াও কিয় মৰি যোৱা নাই?,0,Why are you not dead yet?
এতিয়া বিহু মানে জুবিন দা তেওঁৰ বাহিৰে আন কাৰো বিহু শুনিবলৈ ভাল নালাগে।,0,Now Bihu means Zubin Da No one but him likes to listen to Bihu.
তহঁতি সৰ্ম্পূন গেলালি অসমীয়াৰ গীতৰ মৰ্য্যাদা,0,They are related to the songs of Galali Assamese.
ঔকাদ সাই ভিদেও বনাবি,0,Okad Sai Video Banabi
"এই গানটো শুনিলে কলিজা বহুত জোৰেৰে ধপধপাই যায়,চকু পানীৰে উপচি পৰে",1,"Listening to this song makes Kalija blink very loudly, tears well up"
গানৰ শান্তি নিকেতনত,1,The peace of music in Niketan
"এই গানটোৱে আপোনাক অকলশৰীয়া হৈ থাকিব বিচাৰে আৰু আপোনাৰ মন, শৰীৰ আৰু আত্মা একেলগে সংৰেখিত কৰি শুনিব বিচাৰে",1,"This song makes you want to be alone and listen to your mind, body and soul aligned together"
এই ৰত্নটোৱে আপোনাক সকলো উত্তেজনা পাহৰি বলৈ বাধ্য কৰিব,1,This gemstone will make you forget all the excitement
এই গানটোৱে মোক মোৰ শৈশৱৰ কথা মনত পেলাই দিছে।,1,This song reminds me of my childhood.
একেবাৰে আগৰ দিনৰ বিহু নাচ লগতে গানটোও,1,The song is also a bihu dance of the same previous day.
গানটো শুনিলে গা সাতখন আঠখন হৈ যায়,1,Listening to the song becomes seven or eight
মোৰ আৰু ভাল লাগিছে যে অসমৰ বাহিৰৰ ইমানবোৰ শ্ৰুতাই গানটোক আকোৱালি লৈছে আৰু ইমান ধুনীয়া ধুনীয়া কমেণ্ট দিছে ।,1,I also like that so many listeners from outside Assam have embraced the song and given such a beautiful comment.
এইবোৰৰ মাক বাপেক নাই নেকি।,0,Don't these have parents?
এইটো অসমীয়া গীতৰ বাবে বিপদজনক সময়,0,This is a dangerous time for Assamese songs
ভুল হৈছে শুধৰাই দিয়ক,0,Correct mistake
আশা ভৰা গীতে আজি প্ৰাণ পালে,1,The song filled with hope has found its life today
এই গানটো এটা আৱেগ,1,This song is an emotion
এইবোৰ হে বিহু শুনিলে শুনি থাকিবৰ মন যায়,1,It's all you feel like listening to when you hear Bihu.
চিৰসেউজ গান,1,Evergreen Songs
তই নালাগে গাব,0,That's not what i need to sing
বৰ সুন্দৰ নিৰ্ভেজাল বিহু,1,Very beautiful unadulterated Bihu
বৰ মৰমলগা গান এইটো,1,Very cute song this
আপোনাৰ কণ্ঠস্বৰ হাঁহৰ দৰে,0,Your voice is like a duck
"এইটো পাগল , ই অসমখন শেষ কৰিব আহিল ",0,"It's crazy, it's come to end Assam. "
আৰে ভাই বাইদেউৰ কেইজনীৰ তপিনাত খজুৱতি হৈছে নেকি,0,Are some of his brothers and sisters itching?
মন ভৰি গ'ল,1,The mind is filled
এই গানটো কেৱল এটা গান নহয় এইটো এটা বুজাব নোৱাৰা আৱেগ।,1,This song is not just a song it is an incomprehensible emotion.
ফকতিয়া,0,fuktia
গান চোৰ কৰা  ফফৰা দালাল,0,Gun Thief Farra Dalal
"অতুলনীয় ! কি গীত , কি অভিনয়",1,"Unique! What songs, what acting"
অসমীয়া ভাষাৰ এই ইমান ধুনীয়া শব্দ বোৰ জানো ক'ত লুকাই আছিল,1,You know where these beautiful words of Assamese language were hidden.
এই আটাইতকৈ বেয়া সংগীত নুশুনিব,0,Don't listen to this worst music
ধন্যবাদ এটি আপুৰুগীয়া ভিডিঅ',1,Thank you a rare video
অভদ্ৰ চালা,0,rude drive
"আপুনি যি গাইছিল, ই সদায় মোৰ হৃদয় স্পৰ্শ কৰিব",1,"What you sang, it will always touch my heart"
কি গাইছাঁ এগলা খান,0,Ki Gaichha Egala Khan
এইবোৰ গানৰ কাৰণে অসমীয়া সংগীত উদ্যোগ পিছ পৰি আছে,0,Assamese music industry lags behind due to these songs
"যেতিয়া আপুনি ভাবে যে ই আৰু হাস্যকৰ হ'ব নোৱাৰে, তেওঁ আপোনাৰ প্ৰত্যাশা অতিক্ৰম কৰে",0,"When you think it can't be funny anymore, he exceeds your expectations"
অৰ্থহীন ভাষা লগতে সাজ পাৰৰ কোনো ধৰণ কৰণ নাই,0,There is no way to dress up with meaningless language
এনকুৱা পুৰনি গান বোৰ সংৰক্ষণ কৰিব লাগে,1,Enkua old songs should be saved
ভৱিষ্যতেও এনেধৰণৰ সুৰৰ বৰষুণ আশা কৰিলোঁ,1,We expected such a rain of tunes in the future as well.
আঃহ সেই দিনবোৰ,1,"Ah, those days "
কি কম পাগল হম মই,0,What less crazy I'll be
আশ্চৰ্যকৰ ৰচনা,1,Amazing composition
ক'বলৈ ভাষা নাই,1,No language to speak
ইমানেই ভাল পাওঁ এইটো গীত যাক শব্দৰ জড়িয়তে প্ৰকাশ কৰিব নোৱাৰো,1,I love this song so much that it cannot be expressed through words
ইমান ইতিবাচক আৱেগ,1,So much positive emotion
লেঙেৰা পেঙেৰা কুকুৰে ভুকী থকা যেন হৈছে,0,The lame lame dog seems to be barking
গীতটোৰ প্ৰতিটো কথাই অৰ্থপূৰ্ণ।,1,Everything in the song makes sense.
আপোনাৰ গানটো ভেকুলীৰ গানৰ দৰে,0,Your song is like a frog song
কোনো সুৰ নাই,0,No tone
তহঁতৰ দৰে এচাম উদণ্ড গায়কৰ বাবে অসমীয়া কৃষ্টি-সংস্কৃতি শেষ হৈছে,0,Assamese culture is over for assam ese singers like them
অসমৰ শ্ৰেষ্ঠ গীত,1,Best Songs of Assam
১০ মিনিট ৰ গান পোৰা শুনিলে মৰি থাকিম,0,I'll die when I hear 10 minutes of music burning
আপোনা লোকৰ এই ধৰণৰ সৃষ্টিয়ে অসমীয়া গীতক অন্য এক মাত্ৰা দিছে,1,This kind of creation of yours has given another dimension to Assamese songs.
এইবিলাক গীত অসমীয়া মানুহৰ বাবে তেজৰ দৰে,1,These songs are like blood for assamese people
মই এই গানটোৰ প্ৰেমত আৰোগ্য হোৱাৰ ওপৰত মূৰ দাঙি ছোঁ,1,I'm raising my head over healing in love with this song
এই গানটোৱে মোৰ মনক সতেজ কৰি তুলিছে,1,This song refreshes my mind
যেতিয়া মই অকলে থাকো আৰু মই সুৰাপান কৰোঁ তেতিয়া এই গানটো মোৰ অততকৈ প্ৰিয় হয়,1,This song is so dear to me when I am alone and I am drunk
মোৰ কাণৰ পৰা তেজ ওলাইছে,0,I have blood coming out of my ear
কবলৈ শব্দ নাই কিমান ভাল লাগিল,1,No sound to say how nice it was
এইটো শুনি মই মৰিছোঁ,0,I'm dead after hearing this
এই গানটো শুনি মোৰ বৃক্কৰ হৃদযন্ত্ৰৰ আক্ৰমণ হৈছিল,0,I had a kidney heart attack when I heard this song.
কোনোবাই আপোনাৰ খাদ্যবিষাক্ত কৰিব লাগিব,0,Someone has to poison your food
কালজয়ী গীত,0,classic song
হে ভগৱান আজি অসমী হোৱাৰ বাবে ইমান লাজ পাইছো,0,"Oh God, I am so ashamed to be Assamese today."
মল-মূত্ৰ,0,excreta
কি নিৰ্ভাজ বিহু.,1,What a fearless bihu.
গাণ আৰু গায়ক মানিব লাগিব,1,Must obey the singer and the singer
শুদ্ধকৈ গাবা,0,Sing correctly
জুবিন্দাৰ কি এক আৱেগিক আশ্চৰ্যকৰ গান,1,What an emotionally amazing song from Zubinda
মজা,1,fun
শৌচাগাৰৰ ফালে পাৰ্টি কৰক,0,Party towards the toilet
কুকুৰে কেতিয়া ও গূ খাব এৰি নিদিয়ে,0,When does the dog not give up eating cow
"কণ্ঠস্বৰ, সংগীত, সকলোবোৰ কেৱল নিখুঁত।",1,"The voice, the music, everything is just perfect."
বাৰে বাৰে শুনি ও আমনি নলগা এক হৃদ়স্পৰ্শী গীত এইটো,1,This is a heartwarming song that is not boring and heard again and again.
কুত্তা তুমি গাব জানা,0,Dog you know the cow
গানটো শুনিছো কিন্ত্ত ভিডিঅটো চোৱা নাছিলো।সছাকৈ এইবোৰ গানৰ ওচৰত বৰ্তমান গানবোৰে পাত্রা ই নাপাব,1,Listen to the song but didn't watch the video. These songs will not be approached by the current songs.
মানে কি কব বিচাৰিছে,0,What do you mean by what you want to say?
গাৰ নুম শিয়ৰি  গৈছে,1,Gar num is shirshi ya
ভাল লগা নাই,0,Don't like it
গান হ'লে এনেকুৱা হ'ব লাগে।,1,This is what should happen if there is a song.
হেডফোন ব্যৱহাৰকাৰীসকলৰ বাবে মোৰ বেয়া অনুভৱ হৈছে,0,I feel bad for headphone users
শুনি ভাল লাগিল আশা কৰো এনে আধুনিক গীত আৰু শুনিবলৈ পাম।,1,It's nice to hear i hope to hear such modern songs and more.
গৰু চোৰ,0,Cow Thief
এনেকুৱা মহিলাই বহুতো পুৰুষক পংগু কৰি আহিছে,0,Such women have been crippled many men.
সকলোত কৈ প্ৰিয় বিহুগীতটি  এই গান টো নাবাজিলে বিহু যেন এ নালাগে,1,Bihu doesn't look like it if the song is played by the favourite song in everyone.
অনুভৱ জগাই তোলে এনে গানে।,1,The feeling arouses in the song.
গান বোৰ কি সকলোৱে নিল আকাশৰ পৰাই চোৰ কৰি কৰি গাব নেকি?নিজৰ মালটো ব্যৱহাৰ কৰা,0,Will everyone steal the songs from the sky and sing them? Use their goods
গান নগাবলৈ আপোনাক অনুৰোধ কৰক,0,Request you not to sing
কেৱল ভাবি আচৰিত হৈছো যে এই গানটোৱে কেনেকৈ অসমসংগীত উদ্যোগৰ সকলো সলনি কৰি দিছিল।,1,Just wondering how this song changed everything in the assamese music industry.
ক্লা কাণৰ পৰা তেজ ওলাই গল,0,Blood came out of the ears of the class
চাপৰি,0,sapari
মই ভাল পোৱা বিহু গান এই খনও এখন মন পুৰা ভাল লাগি যায় |,1,Bihu song I love is also a mind-filled |
ধুউউৰৰৰৰৰৰ,0,of Dhurur
মই কেৱল বুজাব নোৱাৰো যে মই আপোনাৰ গানবোৰ কিমান ভাল পাওঁ।,1,I just can't explain how much I love your songs.
আপোনাৰ সুন্দৰ সৃষ্টিৰ উপমা দিবলৈ যেন মোৰ হাতত বিশেষণীয় বিশেষণ নাই,1,I don't have a unique adjective to give you the analogy of beautiful creation.
আপোনাৰ কণ্ঠস্বৰ অসহনীয়,0,Your voice is unbearable
যদিও মই উঠি অহা প্ৰজন্মৰ (১৭ বছৰ)তথাপিও এই ধৰনৰ  বিহুকহে প্ৰাধান্য দিঁও ।,1,"Even though I am a rising generation (17 years old), give priority to this kind of bihu."
গানটো কিয় শেষ হয় ও,1,Why does the song end?
শুনিলেই নাছো নাছো লাগি যায়।,1,I don't want to hear it.
ভুলবোৰ পিছলৈ শুধৰাবা,0,Correct mistakes back
গানটোৰ প্ৰসংশা কৰাৰ ভাষাই নাই,1,There is no language to praise the song
কেলা কি পাগল,0,Kela is crazy
অসমীয়াৰ সন্মান শেষ কৰি দিছে ইহঁতে,0,They have destroyed the honour of Assamese
শুনি আবেগিক হৈ গলো। এইবাৰ যে বিহু মাৰিবলৈ নাপাও,1,I was emotional when i heard it. Don't get to kill Bihu this time
ফালটো গান শুনিবলৈ মন নাজাই,0,Don't feel like listening to the song on the side
মানুহে এবাৰ শুনিলে কাৰ্ডিঅ' আক্ৰমণ হ'ব,0,A cardio attack will occur once people hear
বাপেৰৰ মাৰৰ মূৰটো কুকুৰপুৱালী হত,0,Baper's head would have been a dog's morning
ভাল লগা নাই।,0,Don't like it.
ইমান প্ৰাণৱন্ত,1,So lively
কুকুৰে ভুকি আছে,0,The dog is barking
গীতৰ কথা আৰু সুৰ ভাল লাগিল,1,Liked the lyrics and tone of the song
তহতক কুকুৰ বুলি কলেও কুকুৰকেইটাক হে অপমান কৰা হব,0,"Even if they are called dogs, only dogs will be insulted."
মই গোটেই বছৰটো শুনা আটাইতকৈ ধুনীয়াকৈ গোৱা আৰু প্ৰযোজিত গান,1,The most beautifully sung and produced songs I have heard all year
একো বুজি পোৱা নাই,0,Don't understand anything
ভাল ভিডেও বনোৱা কৰ,0,Make good videos too
মা কছম মজ্জা,1,Maa Kasam Majja
কি মানে কি এইবোৰ,0,What do you mean by these
অৰ্থহীন গান,0,meaningless song
"বাপেৰৰ মূৰটো গাইছা।। 
",0,"Baper's head is singing. 
"
উৎকৃষ্ট আৰু মন উজাৰি দিয়া গান,1,Excellent and mind-blowing songs
আনতকৈ বেলেগ ব্যতিক্ৰম খুব ধুনীয়া লাগিল,1,The exception seemed very beautiful than others.
এই গানটো স্বাস্থ্যৰ বাবে কৰ্কট ৰোগ,0,This song is a cancer for health
এই যুগৰ আটাইতকৈ বেয়া গায়ক,0,The worst singers of this era
সম্পূৰ্ণ গানটো শুনিলে পাগল হৈ যাম,0,I'll go crazy when I hear the whole song
গানটো বেয়া,0,The song is bad
ছবে গালি দিবলে আহিছে গান শুনিব অহা নাই,0,Sabe has come to abuse and doesn't come to listen to music
ইমান সুন্দৰ বিহু। মনটো গাওঁখনলৈ উৰা মাৰিছে।,1,Such a beautiful Bihu. The mind is flying to the village.
অই জোহৰা,0,Oi Johra
ফালটো এইসব,0,The side is all this
কি গান বনালে দাদা মজা লাগে গানটো,1,What a song dada fun to make the song
এনেহেন বিহু শুনিলে বিহু বিহু বুলি এক বিশেষ ধৰণৰ মনত আলোড়ন সৃস্টী হয়,1,Hearing such bihu creates a stir in a particular mind called Bihu Bihu.
হৃদয়ৰ খবৰ লোৱা গীতটি,1,Heart News Song
ভেকুলীৰ গান আপোনাতকৈ ভাল,0,Frog song is better than yours
চিৰসেউজীয়া গীত,1,Evergreen Song
হৃদয় জুৰ পৰি গৈছে,1,The heart is in flames
নাজানিছিলো যে অসমী গানবোৰ এইটো ভাল আছিল,1,Didn't know that Assamese songs were good.
এইবোৰক হে প্ৰকৃত গীত বুলি কব পাৰি সঁচা অৰ্থত চিৰসেউজ গীত।,1,These can only be called real songs.
বেশ্যাৰ পুত্ৰ,0,Son of a
এই আধিপত্য দেখি মই মৰিব বিচাৰো,0,I want to die seeing this dominance
খুব বেয়া,0,Very bad
মেকচুদাই,0,mekchudai
অনুগ্ৰহ কৰি এই ধৰণৰ ভিডিঅ' বনোৱা বন্ধ কৰক,0,Please stop making this type of video
বান্দৰ মোককেল,0,Monkey Mokkel
মই অৰ্থ বুজি নাপাওঁ কিন্তু এই গানটোৰ সুৰটো মন উজাৰি দিয়া।,1,I don't understand the meaning but the tone of this song is mind blowing.
গান শুনাৰ আগতে লাইক কৰি দিয়া মানুহ মই,1,I'm a man who likes music before listening to music
"কি যে মিঠা, যিমানেই পুৰণি হয় সিমানেই মজা",1,"What a sweet, the older it is, the more fun it is"
অই বুঢ়া বান্দৰ,0,Oi Old Monkey
এয়া হৈছে আন্তৰ্জাতিক পৰ্যায়ৰ সংগীত।,1,This is international music.
ইমান বেযা ভাষা ব্যবহাৰ কৰিব নালাগে,0,So much language should not be used
শৈশৱৰ এই গান,1,This childhood song
এইয়া অসমীয়া গানৰ জয় যাত্ৰা,1,Here's the victory journey of Assamese songs
পাগল গায়ক আৰু গায়িকা,0,Crazy singers and singers
প্ৰতাৰক,0,cheat
বেয়া লাগিল,0,it felt bad
অসমীয়া অতিতৰ‌ গীত,0,Assamese Songs
অৰ্থহীন গান,0,meaningless song
"অসমীয়া বিহুৰ মা-বেহেন এক কৰি দিলি,সস্তীয়া জনপ্ৰিয়তাৰ আশাত",0,"Assamese Bihu's mother-in-law unites, hoping for cheap popularity"
এই গানটো যিমান সম্ভৱ সোনকালে আঁতৰাব লাগিব,0,This song has to be removed as soon as possible
আটাইতকৈ বেয়া,0,worst
আও ধুনীয়া ভিডিও,1,Aao Beautiful Videos
নিচাযুক্তভাৱে সুমধুৰ,1,intoxicatingly sweet
ক'ত হেৰাল সেই বিহুবোৰ আজিও যদি শুনিব পালো হেতেন এনেকুৱা বিহু।এইবোৰহে বিহু শুনিলেই নাছো নাছো লাগি যায়।,1,"If you could have heard those bihus today where they are lost, such bihu. These are not the ones that get stuck when they hear Bihu."
অন্তৰ জুৰ পৰি গল এই সুমধুৰ বিহুৰ উপস্থাপন দেখি,1,The heart fell on seeing this melodious bihu presentation.
বাল গান,0,Bal Gun
চুলি কাটি লো আগত,0,Cut your hair in advance
ধন্যবাদ গীত চোৱাৰ সুবিধা কৰি দিয়াত,1,Thank you for allowing you to watch the song
নক্ষত্ৰীয় গান,1,star song
আপুনি পাগল কুকুৰে খোৱা মটন খায় নেকি?,0,Do you eat mutton eaten by a mad dog?
তুমি সুৰৰ পৃথিবিত উদিত সূর্য্য,1,You are the rising sun on the earth of the tune
বৰ সুন্দৰ লাগিল সচাঁকৈয়ে ।,1,It really looked great.
"বৰ ভাল লাগিল । বহুত ধন্যবাদ।


",1,"It's great. Thank you very much.

"
এই গানটোৰ প্ৰতি মোৰ প্ৰেম কেতিয়াও শেষ হোৱা নাই,1,My love for this song has never ended
দাদা আপুনি মহান,1,"Dada, you are great "
প্ৰতিনিশা মই এই গানটো শুনো,1,Every night I listen to this song
মোৰ কানৰ পৰা তেজ ওলাই আহিলে,0,When blood comes out of my ear
এইবিলাকক কয় গান,1,These are called songs
আজি কালি ওলোৱা গীত বোৰক মই গীত বুলিলেই নাভাবো,0,I don't think of the songs that come out these days as songs.
বিশুদ্ধ মোক্কেল কেলা,0,Pure Mokkel Kela
"আজৈ কলিজা কি সুন্দৰ গীত, উজ্জ্বল ভৱিষ্যত কামনা কৰিলোঁ দেই দাদা জয় আই অসম",1,"Aaji Kalija ki sundar geet, ujjwal bhavistha kamana dei dada jai ai assam"
যদি মই কেতিয়াবা আপোনাক বিচাৰি পাওঁ মই তোমাক হত্যা কৰিম,0,If I ever find you I'll kill you
গীতৰ কথাত হতাশ। ইমান বেয়া গীত,0,Disappointed with the lyrics. Such a bad song
এনেকে গান গাই গাই আনৰ মাথা গৰম কৰিছে কিয়।,0,Why is it that others' heads are warmed by singing like this.
জুবিন গাৰ্গৰ কি সুন্দৰ কণ্ঠ!,1,What a beautiful voice of Zubin Garg!
প্ৰতাৰক ।,0,Cheat.
সৰ্বকালৰ প্ৰিয় গান,1,Favorite Songs of All Time
শুদ্ধ অসমীয়া শব্দৰ গান,1,Pure Assamese word song
অসামান্য গান,1,Outstanding Songs
এয়া লজ্জাজনক যে অসমীয়া ছোৱালীয়ে  অৰ্ধ নগ্ন শৰীৰ  দেখুৱায়,0,It is a shame that Assamese girls show half naked bodies
কালজয়ী গীত,1,classic song
এইবোৰ গান যে অদ্বিতীয় ইয়াক কতো বিচাৰি নাপাও,1,These songs are unique that you can't find it anywhere
অসন্মানজনক,0,disrespectful
চি ফকতিয়া আৰ্টিষ্ট,0,C. Foxtia Artist
শেষ হোৱাৰ দিশে অসমীয়াৰ বাপতি সাহোন বিহু,0,Assamese bapati Sahon Bihu towards its end
আনন্দিত,1,glad
গান গাব নাজানিলে গাব নালাগে,0,Don't sing if you don't know how to sing
গান বনোৱা বন্ধ কৰক,0,Stop making songs
ইমান অপমান পায়ো লাজ পোৱা নাই,0,I'm not ashamed to get so much humiliation
আপোনাৰ দৰে গায়কমৰিব লাগিব,0,You have to die as a singer
ভিডিও টোৰ একো লজিকেই নাই।,0,The video has nothing logic.
নতুন বিহু গীত বোৰ এবাৰ শুনাৰ পিছত আকৌ শুনিব মন নাযায়।,0,I don't feel like listening to the new Bihu songs once you hear them again.
হিচাবতকৈ গানটো অলপ চুটি,0,The song is a little shorter than the account
কি কৰিছা বে কি ফালটো,0,What are you doing?
"এয়াহে বিহুনাম,আগলৈও আশা কৰিলো",1,"This is Bihunam, i hope so far."
শুনিলে শুনি থাকিবলৈ মন যায়,1,It's mind to listen when you hear it
খাটি চিৰ যুগমীয়া অসমীয়া গীত।,1,The age-long Assamese song of Khati Chi.
কিংবদন্তী,1,legendary
দিনক দিনে  আমাৰ অসমীয়াৰ জাতিৰ অস্তিত্ব হেৰাই যাব ধৰিছে,0,Day by day the existence of our Assamese nation is getting lost
বেয়া সময়বোৰ ত এনেকুৱা গান লাগে,1,Bad times take such songs
সৰু কালৰ স্মৃতি প্ৰস্ফুটিত হল।,1,Memories of childhood blossomed.
বেয়া গীত,0,bad song
ইমান ভাল সুৰটো সস্তীয়া শব্দেৰে নষ্ট কৰি দিলা,0,Destroyed such a good tune with cheap words
অশ্লীল গীত,0,obscene song
তুমি সদায় আমাৰ মাজত জিয়াই থাকিবা,1,You will always be in our midst
এটা ভাল গানৰ লগতে এটা ভাল ভিডিঅ,1,A good song as well as a good video
অত্যাধিক সুন্দৰ কণ্ঠস্বৰ,1,Extremely beautiful voice
"গানটি শুনিলে প্ৰকৃতিৰ মাজত বিলীন হৈ পৰো য'ত থাকে বতাহ, বৰষুণ, মেঘৰ বজ্ৰপাত, চৰাইৰ সুৰীয়া আলাপ",1,"Listening to the song dissolves in nature which includes wind, rain, cloud thunder, bird's beautiful talk"
অসমীয়া সংগীত নতুনত্ব অনা প্ৰথম জন অসমীয়া এই জন শিল্পী,1,This is the first Assamese artist to innovate Assamese music
অই গেডা মোক্কেল,0,Oi Geda Mokkel
এই গানটোতকৈ কাউৰীৰ মাত ভাল।,0,The crow has a better voice than this song.
এইবোৰৰ মাক বাপেক নাই নেকি,0,Don't they have parents?
জুবিন দাৰ ডাঙৰ অনুৰাগী,1,Zubin Dar big fan
ধন্যবাদ ইমান মধুৰ গীত এটি আমাক উপহাৰ দিয়াৰ বাবে,1,Thank you for gifting us such a sweet song
"দাদা গানটো ভুল হৈছে


",0,"Dada song is wrong

"
কোনোবাই ইমান বেয়া কেনেকৈ কৰিব পাৰে?,0,How can anyone do so bad?
মই শব্দৰ বাহিৰত স্তম্ভিত হৈ ছোঁ। এই গানটো ইমান ভাল,1,I'm stunned beyond words. This song is so good
চিৰসেউজ,1,evergreen
আগৰ গানবোৰ সচাঁই বহুত ভাল আছিল,1,The previous songs were really very good.
আপোনাৰ সমান কোনো হব নোৱাৰে,1,No one can be equal to you
অসমৰ এটা সম্পত্তি,1,A property in Assam
গান টো ফালটো,0,The song is on the side
"মহানন্দ মজিন্দাৰ বৰুৱা ,খগেন মহন্ত আদিৰ সেই পুৰণি বিহু গীত বোৰ শুনাৰ আমেজেই সুকীয়া",1,"It is different to listen to those old Bihu songs of Mahanand Majindar Baruah, Khagen Mahanta etc."
নিভাজ বিহু গীত,1,Nivaj Bihu Song
মৰি যাম অ,0,Die
ভালকৈ শুনি লবা যে গানটোত কি গাইছে,0,Listen carefully to what sings in the song
নষ্ট কৰি দিলা।,0,Destroyed.
কেৱল গানটোৰ অনুভৱ ভাল পাওঁ,1,Just love the feeling of the song
তোমাৰ গান শুনিলে সকলো পাহৰি কোনোবা আলোক দিগন্ত ত বিলীন হৈ যাওঁ,1,"When we listen to your songs, we forget everything and dissolve in some light horizon."
আপোনাৰ গানটো গোবৰৰ দৰে,0,Your song is like dung
বুঢ়া শিয়াল,0,old fox
মই মাত্ৰ ক'ব বিচাৰিছিলো যে এইটো এটা আটাইতকৈ বেয়া সংগীত,0,I just wanted to say that this is one of the worst music
ভাই আপুনি জুই,1,Brother you fire
প্ৰিয় মোৰ এই গানটো।,1,Dear my song.
তই গান গাবলৈ নাজানো,0,Don't know how to sing
আই অই মই কতে মৰো অই,0,I'm ai i'll tell you oi
গোটেই খন একেবাৰে ছেটেৰিং কৰি পেলাইছে,0,The whole thing is absolutely set.
আপোনি সদায় ৰাইজৰ মাজত থাকক বাকী আপোনাক জনপ্ৰিয়তাৰ শীষৰ্ত ৰখাতো আমাৰ দায়িত্ব ।,1,It is our responsibility to always be in the public and keep the rest of you on the edge of popularity.
এইটো দেখি মই মৰিব বিচাৰো,0,I want to die seeing this
কি সংবেদনশীল গান! শুনিলেই গাত এক জুৱাৰ উঠি আহে।এনে এটি গীত উপহাৰ দিয়াৰ বাবে ধন্যবাদ ।,1,"What a sensitive song! When you hear it, a yoke comes up. Thank you for gifting such a song."
জুবিন দা অ হোইটো নাজানে... কি গান বোনাই ডিলে তেওঁ।,1,Zubin da o Hoito doesn't know... What a song he made.
এইটো ৰাস্তাৰ কাষত শৌচ কৰা হয়,0,It is defecated on the side of the road
কি ফালটো গান,0,What a side song
এতিয়ালৈকে আটাইতকৈ মূল্যহীন গান,0,The most worthless song ever
ক্ৰিঞ্জ মানুহ,0,Kringe Man
গান এৰি আন এটা কাম আৰম্ভ কৰক,0,Quit singing and start another task
অসমীয়া বিহুৰ সন্মানত আঘাত হানিছে,0,Assamese Bihu honour hurt
জীৱন ৰিঙা ক্ষণত  পাপনদা তোমাৰ গীত মোৰে প্ৰাণত,1,Papanda at the moment of life your song Mere Pranat
দিশ্লিকে কৰা আৰম্ভ কৰক,0,Start doing the direction
শুনি শুনি আমনি নলগা গীতটি,1,The song that is not boring when you hear it
হতাশাৰ পৰা পৰিত্ৰাণ পোৱা এটি গীত,1,A song that escapes despair
আপুনি আৰু গান গাব নালাগে,0,You don't have to sing anymore
বিশুদ্ধ সোণৰ দৰেই বিশুদ্ধ বিহু,1,Pure Bihu just like pure gold
অাৰু ভূলিত ও নহুনো যাৰ গান,0,And forget and not whose songs
মই এই গানটো বাৰে বাৰে বজাইছিলো,1,I played this song over and over again
আমি তোমাক আৰু তোমাৰ গানবোৰ ভাল পাওঁ।,1,We love you and your songs.
সেই ছোৱালীজনী চিকিৎসক নহয় তাইক এজন চিকিৎসকৰ প্ৰয়োজন।,0,That girl is not a doctor she needs a doctor.
অনুগ্ৰহ কৰি প্ৰথমে গান এটা গাবলৈ শিকক,0,Please learn to sing a song first
মজ্জা লাগিল,1,Marrow struck
ইমান ধুনীয়া মাত এই জনমত এনেকুৱা গায়ক নলাব,1,Don't make such a singer in this public opinion with such a beautiful voice
পোৰা নমুনা,0,Burnt Sample
কাতি বিহুৰ ক্ষণত লগাই অকলে নাচি আছো ৰুমতে,1,Dancing alone at kati bihu's moment
এবছৰত মাত্র এটা গান কিন্তু তামাম হীট.,1,Only one song in a year but tamam hit.
টকাৰ কাৰণে কিমান তললৈকে যাবি হে,0,How far will you go for money?
"বাপেৰোৰ মুৰ্তু গাইচো কেলা, গান তু শুনি বমি অহি গোল ছালা",0,"Bapero's Murtu Gaiso Kela, Sing Tu Sune Bhimi Ahi Gol Sala"
এই ভন্দামীবোৰ বন্ধ কৰক,0,Stop these hypocrisies
অসমীয়া বিহুৰ সন্মানত আঘাত হানিছে,0,Assamese Bihu honour hurt
লেতেৰা,0,Unclean
কেছেট ৰ দিনত কিমান যে ৰি কৰি কৰি শুনিলো,1,How many rehears i heard on cassette days
তৃতীয় শ্ৰেণীৰ পোছাক,0,Third Class Dress
সুৱৰৰ বচ্ছা,0,Subar's Son
সুৰটো এইটো গানৰ পৰা চোৰ কৰি অনা,0,Steal the tune from this song
ফালটো গান,0,Falto Song
মোৰ বন্ধুৱে এই ভিডিঅ'টো চোৱাৰ পিছত তেওঁৰ চকু দান কৰিছিল,0,My friend donated his eyes after watching this video
জয় আই অসম,1,Joy I Assam
মোৰ মতে আজিৰ নৱ প্ৰজন্মই এইবোৰ শুনাতো ভাল,1,I think today's new generation is better at hearing these
এই ফালতু গানটো কিয় আপলোড কৰা হৈছে,0,Why this sly song has been uploaded
এই গানটো অনুভৱ কৰক,1,Feel this song
কবলৈ ভাষা নাই এনেদৰে সদায় জিলিকি থাকা,1,Don't have the language to say always shine like this
একে একে দুই এই গানটো জুই,1,"One by one, this song is a fire"
ভাল হৈছে বন্ধু,1,Good friend
এইয়াই হ'ল ৰোমাঞ্চ অৰ্থাৎ প্ৰেম নিবেদন কোনো অশ্লীলতা নাই কোনো অসভ্যালি নাই ভাৱৰ আদান প্ৰদান,1,This is romance i.e. love submission no obscenity no ossaly no exchange of thoughts
পুৰণি স্বৰ্ণময়,1,old golden
এইটো গীত আমাৰ গাঁৱত বহুত চলে  বিয়া বিলাকত,1,This song goes on in our village a lot in weddings.
এনেকুৱা এটা উৎকৃষ্ট কৃতি,1,Such a masterpiece
পশুতকৈও নীচ মানুহ,0,A man inferior to an animal
বন্ধ কৰ কেলা,0,Close The Black
"এইবাৰ মাঘৰ বিহুত লগাইছিলো, এতিয়াও পিঠিৰ বিষ ভাল হোৱা নাই",0,"This time Maghar put it on Bihu, the back pain is not good yet"
কবলে একো ভাষা নাই কুসুুম দা ইমান ভাল হইছে গানটো,1,There is no language to say Kusum da is so good the song
পাছলেও এনে বিহু পোৱাৰ আশা ঠাকিল,1,"Even after that, the hope of getting such bihu was dashed."
কোটিমাৰা,0,kotimara
যা তা গান লিখে,0,Which is written by the song
আপোনাৰ কিবা অসুখ বিসুখ হৈছে নেকি,0,Are you suffering from any illness
এনেকুৱা গান আৰু কোনেও ওলাব নোৱাৰিৱ,1,No one else can come out with such songs
এই গীতটো শুনি মই এজন অসমী বুলি গৌৰৱান্বিত অনুভৱ কৰোঁ,1,I feel proud to be an Assamese when I hear this song
মোৰ প্ৰেমিকাই মোৰ সৈতে বিচ্ছেদ কৰিছিল যেতিয়া তাই দেখিছিল যে মই এই গানটো শুনি আছো,0,My girlfriend broke up with me when she saw that I was listening to this song
চিৰসেউজীয়া নিপন গোস্বামী,1,Evergreen Nipan Goswami
এইটো ইমান বেয়া যে ই প্ৰকৃততে ধেমেলীয়া,0,It's so bad that it's really funny
এই গানটো শুনিলে শুনি থাকিবৰ মন যায়।ভাগৰুৱা দেহটিও যেন পলকতে ক্লান্ত হয় পৰে।,1,It's heartto listen to this song. The tired body should also get tired of blinking.
"অনুপম,অতুলনীয় অৱদান",1,"Anupam, unique contribution"
ফাল্টু বুঢ়া,0,faltu old man
কুসুম দা তুমি জুই,1,Kusum da tu fire
চিৰ সেউজ বিহু গীত,1,Ever Green Bihu Song
কিছুমান ভুৱা নতুনত্বক অনুকৰণ কৰিব গৈ নিজৰ অস্তিত্বৰ হানি কৰা নিচিনা অনুভৱ হ'ল,0,It felt like a loss of existence by imitating some fake innovations.
কাৰ কাৰ এই গানটো এতিয়াও প্রিয়?,1,Whose song is still dear?
এই গীতটো শুনি মই অসমী বুলি আনক কবলৈ লাজ লাগে,0,I am ashamed to tell others that I am Assamese when I hear this song.
বহুত ধুনীয়া,1,Very pretty
অনুগ্ৰহ কৰি মানসিক চিকিৎসালয়লৈ যাওক,0,Please go to the mental hospital
পাগল হৈ গৈছো গানটো শুনি,0,Gone crazy listening to the song
কি আৰু... জী মন জয় তাকে গাই দিয়ে। .. আজি কালি।,0,What else... Ji Mann Jai sings to him. Nowadays.
"আহ! কি সুন্দৰ মাদকতা। কি সুন্দৰ ছন্দ,সুৰ ।",1,"come! What a beautiful drug. What a beautiful rhythm, tune."
আপোনাৰ গীত বিলাক ধূমকেতুৰ দৰে আহে যিদৰে ধূমকেতু চাবলৈ ভাল লাগে ঠিক তেনেদৰে আপোনাৰ গীতবোৰ শুনি ভাল লাগে,1,"Your songs come like comets just as it's nice to watch comets, so it's nice to listen to your songs"
বহুতেই বাৰ শুনিলোঁ.. বেলেগই এটা পৰশ পাওঁ ।,1,Many have heard it many times. I get a different parsh.
মূতি দিব মন গৈছে,0,I feel like giving a promise
এই গানটো শুনি মোৰ কাণে কাম কৰা নাই,0,My ears are not working after listening to this song
মনোমোহা,1,charming
আপুনি বুঢ়া অনুগ্ৰহ কৰি সোনকালে মৰিব,0,You old man please die soon
ভাল লাগিল অ সৰু কালৈ মনত পৰি গল অ,1,It's nice to remember someone who's small.
এদিন এজন অসমবাসীয়ে মোক এই গানটো শুনিবলৈ পৰামৰ্শ দিছিল। সঁচাকৈয়ে এই গানটো মোৰ বহুতো স্মৃতিৰ সৈতে সংলগ্ন,1,One day an Assamese advised me to listen to this song. Really this song is attached to many of my memories.
আপিতো ভাল লাগা নাই,0,I don't like it.
এই গায়কজনক গ্ৰেপ্তাৰ কৰা প্ৰয়োজন,0,This singer needs to be arrested
তহতি অসমখনশেষ কৰি দিলি,0,Then i finished the Assam
আপোনাৰ কণ্ঠস্বৰ এনেকুৱা যেন আপুনি এটা কৌতুক কৈ আছে,0,Your voice is like you're telling a joke
এনেকুৱা গান আৰু উপহাৰ দি যাব,1,Continue to give such songs and gifts
প্ৰাচীন বাজে কথাৰ টুকুৰা,0,Ancient nonsense pieces
"অসমীয়া জাতিটো তোমালোকৰ দৰে কিছুমান মানুহৰ কাৰনে ৰসাতলে গৈছে,",0,"The Assamese nation has been crushed by some people like you,"
মুখখন কুকুৰৰ দৰে দেখায়,0,Face looks like a dog
ইমান ভুল ভুল কৈ নাগাবা,0,Don't misunderstand so much
অসাধাৰণ  গীত,1,extraordinary song
মই তোমাক বহুত ভাল পাওঁ,1,I love you so much
চলা বান্দৰ টোৰ গান শুনিলে মোৰা মানুহ আকৌ জীয়াই উঠিব,0,Listening to the song of the moving monkey will bring the mora man back to life
এই গীতটোৱে অসমসংগীত উদ্যোগৰ পৰ্যায় আৰু দিশ সলনি কৰিছিল।,1,The song changed the stage and direction of the Assam music industry.
বহুত স্মৃতি থকা গান,1,Songs with many memories
কিমান ভাল লাগে বুজাবলৈ ভাষা নাই,1,No language to explain how good it feels
প্ৰতিনিশা মই নিজকে অকলশৰীয়া অনুভৱ কৰিলে এই গানটো শুনো,1,Listen to this song every night when I feel lonely
আপুনি কেতিয়া মৰিৱ,0,When will you die
ৰাস্তাৰ কাষত গাধ,0,Donkey on the side of the road
এজন মানুহে মৃত্যুৰ সৈতে যুঁজি আছিল। মই এই গানটো বজাইছিলো আৰু তেওঁ সহজে মৃত্যুবৰণ কৰিছিল।,0,A man was fighting to death. I played this song and he died easily.
প্রভাতি পক্ষী ৰ আজি ডেউকা নাই নিমগ্ন  আন্ধাৰত দিশ হেৰাই,0,Prabhati Bird has no dauka today and lost direction in the dark
এই গানটো এটা অৰ্থ পূৰ্ণ গান,1,This song is a meaningful song
এই গ্ৰহটো এৰি যোৱাৰ সময়,0,Time to leave this planet
অপছন্দ কৰিবলৈ দহ ছেকেণ্ড সময় লাগিছিল,0,It took ten seconds to dislike
বৰ্তমান ই আধুনিকতাৰ প্ৰভাৱত প্ৰায়  লুপ্তপ্ৰায়,0,It is now almost extinct under the influence of modernity
"এটা শব্দই কৈছো ""মধুৰ""",1,"One word says ""sweet"""
আপোনাৰ কণ্ঠস্বৰ আপোনাৰ হৃদয়ৰ গভীৰৰ পৰা অহাযেন লাগিছে,1,Your voice seems to come from the depths of your heart
চিৰসেউজ ীয়া গান,1,Evergreen Songs
পাপন দাৰ যাদুকৰী কন্ঠই ইমানকৈ মন্ত্ৰমুগ্ধ কৰি ৰাখিলে যে গানটো কেতিয়া শেষ হৈ গল গমেই নাপালোঁ,1,Papan Dar's magical voice was so mesmerizing that I didn't know when the song was over.
নাপায় এনে কৰিব,0,Don't get to do this
এইটো আনকি এটা গান নেকি,0,Is it even a song
ক'ৰ মক্কেল এইটো,0,Who's client this
"আহাহা কি অপূৰ্ব, কি মোহনীয়",1,"Ahaha ki apoorva, ki mohaani"
গান চুৰ কৰা এৰি এটা টো গান নিজে বনা,0,Make a song yourself leaving the song stolen
ভাল লাগিল শুনি,1,It's nice to hear
কি যে মিঠা মিঠা,1,What a sweet sweet
ঘন্টা,0,hour
মোৰ মনে প্রাণে ছুই যোৱা গানবোৰ শুনিলে আজিও গাৰ ণোম শয়ৰী উঠে,1,Listening to the songs that have touched my heart still raises the voice of the body.
কুকুৰ এইটো বিষ্ঠা গান,0,Dog This is song
"শুনিয়েই আছো, শুনিয়েই আছো, শুনিয়েই আছো",1,"You're listening, you're listening, you're listening."
এটা গান শুনা যেন লাগিল।‌‌,1,It seemed like listening to a song.
কথা বন্ধ কৰা,0,Shut your mouth
সুদমাৰানি,0,sudmarani
শিক্ষাহীন ব্যক্তি,0,uneducated person
একদম ফকতিয়া,0,absolutely fuktia
"মানিব লাগিৱ দেই, চুৰি কৰা টেলেণ্ট কম টেলেণ্ট নহয়, এনেকৈ চুৰি গান গাই টুপি পিন্ধাই মঞ্চৰ পৰা লাখ লাখ টকা দাবী কৰি অাহিছ নিৰ্লজ্জ",0,"Let's accept, stolen talent is no less talent, so he's shameless by wearing a hat and demanding lakhs of rupees from the stage."
আগৰ বিহু গীত বহুত সুন্দৰ আছিল,1,The previous Bihu song was very beautiful.
ই মন্ত্ৰমুগ্ধ কৰে,1,It spells
এনেকুৱা গীত কুসুম দাৰ পৰা পাম বুলি  আশা কৰিছিলোঁ । আজি অপেক্ষা অন্তৰ পৰিল,1,I was hoping to get such songs from Kusum Da. Today the wait is over
অপুনাৰ নিজোৰ সৃজনশীলতা নাই নে সব গান চুৰ কোৰে জে,0,Don't you have the creativity of nijo or all the songs sur kore j
আপুনি কৰ্কট ৰোগ,0,You are cancer
গান গাইছে ছা না,0,"Singing, don't you?"
এইটো এটা বেয়া গান,0,It's a bad song
সৰুতে মূৰত দূখ পাইছিলা নেকি বাৰু,0,Did you get a headache as a child?
"হৃদয় চুই যোৱা এটি গান , এটি  অসমীয়া গান",1,"Heart touching is a song, it's an Assamese song."
"শব্দৰ গভীৰতাই গীতৰ মানদণ্ড উন্নত কৰে,পিছে গীতটোত শব্দতকৈ কটু কিবাকিবি বোৰেহে প্ৰাধান্য পোৱা যেন অনুভৱ হ'ল,শব্দৰ স্হান একেবাৰে শেষত যেন হে লাগিল",0,"The depth of the sound improves the quality of the song, but the song seems to take precedence over the sound, the sound seems to be at the very end."
কা কা কৰি ৫জনক মাৰি তই কেতিয়াও সুখী হৈ থাকিব নোৱাৰা ৷ ধিক ধিক,0,You can never be happy to kill 5 by doing ka ka ka. Woe to you.
বাংলাদেশি চৰকাৰ বালৰ গান,0,Songs of Bangladesh Government Bal
তই মৰি জা না বে ঠাকুৰীয়া বুলি কলে লাজ পোৱা হৈছে টোৰ কাৰণে,0,It's ashamed to say he's dead or dead.
একদম ফালটো জণ্ডিচ হৈছে নেকি তোৰ ঢুকুৰা,0,Is the side of the jaundice your son
যদি আপুনি এই গানটো শুনি আছে। মই মাত্ৰ ক'ব বিচাৰিছিলো যে আপোনাৰ সংগীতৰ সোৱাদ আটাইতকৈ বেয়া।,0,If you're listening to this song. I just wanted to say that your music tastes the worst.
গানটো ইমান ভাল লাগিল যে 50 ছেকেণ্ড চায়ে সামৰিলো,0,The song was so good that 50 seconds of chai wrapped up
লাজ নালাগে তুৰ,0,Don't be ashamed of tur
ভাল ভিদিঅ,1,Good Video
এইবোৰ বিহুগান এটুকুৰা হীৰা,1,These are a diamond of bihugan
বহুত ভাল লাগে  এনেকুৱা পুৰণি অসমীয়া গীতৰসমূহ ।,1,It is very nice to have such old Assamese songs.
সুৱদিসুৰীয়া।,1,Suvdisuria.
এই ভিডিঅ'টো চোৱাৰ পিছত মই মোৰ নাম পাহৰি যাওঁ,0,I forget my name after watching this video
মই বুজি নাপাওঁ যে মই এই সম্পূৰ্ণ ভিডিঅ'টো কেনেকৈ চাওঁ,0,I don't understand how I watch this full video
কোনে কোনে দিশ্লিকে কৰিব আহিছে,0,Who is coming to do it in a way?
এই ধৰণৰ গান শুনি গায়কে আত্মহত্যা কৰিব,0,The singer will commit suicide by listening to such songs
এই গানটো সদায় ভাল পাওঁ,1,I always love this song
সকলোৱে সমালোচনা কৰি আছে,0,Everyone is criticizing
এনে লাগিছে গানটোত থকা শব্দ বোৰ প্ৰথম বাৰ শুনিছোঁ,1,It seems like this is the first time I have heard the words in the song.
প্ৰকৃত সৌন্দৰ্য বা মাদকতা কৰবাত হেৰাই গৈছে,0,Real beauty or intoxication is lost somewhere
সুৰৰ নামত অসুৰ,0,Asura in the name of tune
এই সংগীতটো শুনিবলৈ ইমান শান্তিপূৰ্ণ।,1,This music is so peaceful to listen to.
"শব্দ, কথা সুৰ কি কম ভাষা নাই",1,"Words, words, no less language"
আপ কিয়া বেয়া গান গাতাহে বাপাৰে,0,Aap kiya bad song gaatahe bapar
আক থু গান,0,Ak Thu Gun
এইয়াহে প্ৰকৃত বিহু,1,This is the real Bihu
আটাইতকৈ সস্তা গান,0,Cheapest Song
ধুনীয়া গীত।,1,Beautiful song.
যিসকলে এইটো দেখে তেওঁলোকৰ বাবে মই বেয়া অনুভৱ কৰিআছো,0,I feel bad for those who see it
দুটা লাইন শুনি অ কাটি দিলোঁ,0,I heard two lines and cut it off.
গান গাবলৈ এৰি দিয়ক,0,Leave to sing
দৰ্শনীয় প্ৰদৰ্শন,1,Spectacular Performance
অসমীয়া পুৰণি গীত বোৰ সকলো সময়তে শুনি থাকো বহুত ভাল লাগে ।,1,It's great to hear assamese old songs all the time.
নগাব বে এইবোৰ মানুহ মৰিব,0,These people will die.
হৃদ়স্পৰ্শী  সঁচাকৈ যান্তিকতা মাজত লুকাই যোৱা মানুহ বোৰে তোমালোকৰ কথা আৰু সুৰ বিলাকত নিজকে বিচাৰি পাই,1,The people who are hidden in the midst of the heartwarming truth find themselves in your words and tunes.
ভাল লাগিল।,1,It's nice.
আশা কৰো সকলোৱে যাতে গীতটো আদৰি লয়,1,Hope everyone welcomes the song
এই মানুহবোৰে কিয় জন্ম লয়,0,Why are these people born
অসমৰ সংগীত জগতৰ ভৱিষ্যত সুৰক্ষিত লোকৰ হাতত।,1,The future of the music world of Assam is in the hands of safe people.
আপোনাৰ গানটো নইচ প্ৰদূষণৰ দৰে,0,Your song is like noise pollution
গানটোৰ বাবে অ-অসমী সম্প্ৰদায়ে ইতিবাচক প্ৰতিক্ৰিয়া প্ৰকাশ কৰা দেখি মই বহুত গৌৰৱান্বিত অনুভৱ কৰোঁ,1,I feel very proud to see the non-Assamese community reacting positively to the song.
মই মৰিবলৈ গৈ আছো,0,I'm going to die
আপোনাৰ ক্লাছ মুঠেই নাই এইটো গানত। আপোনাৰ মানদণ্ড ইয়াতকৈ বহুত ওপৰত,0,Your class is not at all in this song. Your standards are much higher than this
অসমীযা জাতিৰ অধপতন লৈ যাবি নেকি,0,Will we take the decline of the Assamese nation?
বান্দৰ,0,monkey
পুৰণি অসমীয়া গীতৰ তুলনা নাই,1,There is no comparison of old Assamese songs
এই গানটো বেলেগ ধৰণৰ বেদনা দিয়ে,1,This song hurts a different way
তুমি গালে বমি লাগে,0,You feel vomiting on the cheek
বেয়া হৈছে,0,It's bad
"অতি সুন্দৰ এটি গীত যেন মোৰ মন মোহি পেলালে, এতিয়া শুনিব পোৱাটো ভাগ্যৰ কথা।
",1,"It's a matter of luck to hear a very beautiful song that has filled my mind.
"
মৰিজা তই কেলা তাত আমাৰ কি আহে যায় সুদুৰ ভাই,0,Morija toi kela there what comes to us Sudur bhai
আমি শিল্পীসমূহক ইতিকিং নকৰি উৎসাহ প্ৰদান কৰা উচিত,1,We should encourage artists not to do it.
অতীব্র সুন্দৰ।,1,Intensely beautiful.
আজি কালি বজৰোৱা কিছুমানে বিহু গীত বুলি নাম দিয়ে কিন্তু তাত কোনো বিহুৰ মাদকতা নাথাকে থাকে মাথো কিছুমান বজৰোৱা শব্দ,0,Some of the ones who play these days call it Bihu song but there is no bihu drug but only some ringing words.
অপূৰ্ব,1,wonderful
বালৰ বিদেও বনাইছোঁ,0,I've also made bal's bid
এয়াহে আচল বিহু।,1,This is the real Bihu.
এইবিলাক ফাল্টু গানে অসমীয়া চলচিত্ৰ জগতখন শেষ কৰি দিলে,0,These faltu songs have ended the Assamese film world.
গানটো শুনাৰ লগে লগে শৈশৱ  কাললৈ মনত পৰি গ'ল। সচাই বৰ মধুৰ আছিল সেই দিনবোৰ,1,"As soon as he heard the song, he remembered his childhood. Sachai was very sweet those days"
পাগল কুকুৰে কামুৰিছিল নেকি,0,Did the mad dog bite
ৰসাতলে যাব সময় হল,0,It's time to go to Rasatle
কাম নাই তোমাৰ,0,You don't have work
সচাকৈয়ে গৌৰৱ বোধ কৰিছো,1,I am very proud.
তোমালোকৰ কাম নাই নেকি,0,Don't you have work
বিচেৰি বিচেৰি গানটো কিবাকে পালো,1,Got the song Bisseri Bisseri
অসমীয়া চলচিত্ৰ জগতৰ এটি কালজয়ী গীত....,1,A classic song from the Assamese film industry.
এই গানটো চোৱাৰ পিছত মই মূৰ্ছা গৈছিলো,0,I fainted after watching this song
"ফকটিয়া ছাল্লা, ঐ কেলা",0,"Faktia Challa, The Kela"
শুনি শুনি আমনি নলগা এটি গীত,1,A song that is not boring to hear
মই এটাও অসমশব্দ নাজানো কিন্তু এই গীতটোৱে মোক উপলব্ধি কৰাইছিল যে সংগীত সকলো ভাষাৰ বাধাৰ বাহিৰত,1,I don't know a single uneven word but this song made me realise that music is beyond the barriers of all languages.
ভাল নাই লগা,0,not like it
পাগল,0,mad
ফালটো হৈছে,0,The side is
ৰাহুল কুকুৰক পালে তাক মই তাতে কাতিম কি গান গাবলৈ আহি ছ,0,Rahul got the dog and I would come to sing what he would do.
ৰাতিপুৱা ভাল লাগি গল মজ্জা,1,"It's nice in the morning, marrow"
তেতিয়াৰ বিহু আৰু এতিয়াৰ মাজত পাৰ্থক্ক,0,Parthapak between then Bihu and now
এই ভিডিঅ'টো চোৱাৰ পিছত কৰোনা ভাইৰাছে ভাৰত ত্যাগ কৰিব,0,Corona virus will leave India after watching this video
"সুন্দৰ সংগীত , সুন্দৰ কথা , সুন্দৰ কণ্ঠ",1,"Beautiful music, beautiful words, beautiful voices"
ভাল লগিছে,1,It's nice
কি সুমধুৰ গীত।ভাল লাগিল,1,What a sweet song. Nice
কি পাগল,0,What a madman
মৰম নীল আকশ দা,1,Love Blue Aksh Da
মাইৰেক্সুদা এইবোৰ বিদেও নিদিবা অ,0,Myreksuda will not even give these seeds.
তুমি মানুহ ৰূপী আৱৰ্জনা,0,You are human silver waste
এইটো সঁচাকৈয়ে এটা গান নেকি,0,Is this really a song
আপোনাৰ পৰা এনে গীত আশা কৰা নাছিলো,0,Didn't expect such a song from you
অকলে থাকিলে এই গানটো মোৰ প্ৰিয়,1,This song is my favourite when alone
"কটা নিধক হত, তহঁত ৰৌ ৰৌ নৰকত পচি মৰ।",0,"Cut down, they are dead in the sun."
সঁচাই সুন্দৰ হৈছে অসমৰ অন্য এক নক্ষত্ৰ জন্ম হল,1,It is really beautiful that another star of Assam was born.
নিজস্বতা নাথাকিলে অস্তিত্ব বুলিও কোনো কথা নাথাকে,0,There is no such thing as existence without a uniqueness.
নতুন গানৰ চিন্তা কৰিব পৰা অক মাত্ৰ শিল্পী জন হল কুসুমদা।,1,Kusumda is the only artist who can think of new songs.
ভাল দিন এটা সাই মৰি যাওক,0,Good day die a sai
অসম খন বেছি ভাগ নমুনা দি ভৰি পৰিছে,0,Assam is filled with most of the samples
মই অসমী নহয় কিন্তু কেনেবাকৈ মই এই ভাষাটো ভাল পাওঁ। মই ইয়াক শিকিব বিচাৰো,1,I am not Assamese but somehow I like this language. I want to learn it
জাতনাম আৰু শৃংখলিত সৰল নৃত্য।,1,Simple dance in caste and series.
তোৰ মাথা নাই নেকি,0,Don't you have a head
আপুনি এজন মানসিক ৰোগী,0,You are a mental lying patient
বৰ বেয়া গান,0,Very bad song
বাপেৰৰ মাৰৰ মূৰটো,0,Father's head
জুবিনৰ সদায় শুনিব পৰা গীত,1,Zubin's ever-heard song
এই গানটোৱেই মোক পুনৰ নতুন অসমী গান শুনিবলৈ বাধ্য কৰিছিল,1,It was this song that made me listen to new Assamese songs again.
সৰ্বকালৰ প্ৰিয়,1,All Time Favorites
ককা আপুনি ছোৱালী জনিক কিমান টকা দিছে অভিনয় কৰিবলৈ,0,Grandfather how much money you have given to the girl to act
এইটো চোৱাৰ পিছত মই জীয়াই নাথাকিলোঁ,0,I didn't live after seeing this
এইটো নো বাৰু গান হ'ল নে,0,Is it a no baru song
অৰ্থপূৰ্ণ গান গোৱা গায়ক সকল হে প্ৰকৃত গায়ক যাৰ নিজৰ সৃষ্টি আছে‌,1,Singers who sing meaningful songs are real singers who have their own creations
জীৱন ৰিঙা ক্ষণত  পাপনদা তোমাৰ গীত মোৰে প্ৰাণত,1,Papanda at the moment of life your song Mere Pranat
এইবোৰ হে বিহু গান বুলি কব পাৰি,1,These can be called Bihu songs
কি দিন যে আহিল নহয়,0,What a day that didn't come
চেণ্ডেলৰ মালা পিন্ধাবলৈ মন গৈছে,0,I feel like wearing a garland of sandals
মন পৰশা গীত,1,Mann Parasha Geet
বেউৰা,0,beura
"""অদ্ভুত""",1,"""Strange"""
চিঃচিঃ,0,C.C.C.:
মৰি জা তহঁত,0,Die them
ককাইদেউ সঁচাকৈয়ে আজি আমি তোমাৰ পৰা এক নতুন ধৰণৰ অসমীয়া গীতৰ সোৱাদ পালোঁ।,1,Kakaideo Really today we got a taste of a new kind of Assamese song from you.
এনে ধৰণৰ গান বোৰৰ পৰা ধৰিব পাৰি যে অসমীয়া আধুনিক সংগীত আৰু গীত বোৰ এতিয়াও শুদ্ধ লোকৰ হাতত আছে,1,Such songs can be captured by the fact that Assamese modern music and songs are still in the hands of the right people.
এনেকুৱা বিহুগীত পাৰিলে আৰু কৰিবচোন,1,If you can do such a song and do it
ফকোটিয়া,0,facotia
বেছি আধুনিক হল নেকি?  চাল্লা,0,Is it too modern?  challa
ভাল লাগিল চায়।,1,I like it.
মই শুনা আটাইতকৈ বেয়া গান,0,The worst song I'd ever heard
পৰম আবৰ্জনা,0,absolute junk
"বহুত বহুত বহুত বেছি ভাল লাগে গানটো,শুনিলেই শুনি থাকিব মন যায় আমনি নালাগে কেতিয়াও শুনি,",1,"It's a lot more nice to listen to the song, i don't feel bored listening,"
বাল,0,sand
নিৰ্লজ্জ গান,0,Shameless Song
এইটো কেনেকৈ এটা গান হ'ব পাৰে?,0,How can it be a song?
এইটো শুনি ইয়াত কিমান জন লোকে বমি কৰিছিল?,0,How many people vomited here when they heard this?
আজি মই এই ৰোমাঞ্চকৰ গানটো বিচাৰি পাইছিলো আৰু মই ইয়াক বহুত ভাল পাওঁ,1,Today I found this exciting song and I love it so much
জয় জুবিন দা,1,Jai Zubin Da
"ফকতিয়া ,ফলটো, ফটোৱা",0,"Faktia, Fruit, Photowa"
পইছাৰ বাবে লেঙটা কৈও নাচিব এইজনি ছোৱালীয়ে,0,This girl will also dance with a langa for money.
প্ৰতিটো শব্দই দেহ মন চুই গৈছে ।,1,Every word has touched the body mind.
বিমল পান মচলা ফোক ৰ গান গাঁও,0,Vimal Pan Masala Phok Song Gaon
লিৰিক্স ভুল হৈছে,0,Lyrics are wrong
হাজাৰটা মনত দুখ লৈ থাকিলেও এই গানবোৰ শুনা পিছত সকলো বোৰ আগৰ দৰে হৈ পৰে,1,"Even if thousands of minds are sad, everything becomes the same after listening to these songs."
অসমীয়াৰ বাপতি সাহোন বিহুটোকো নেৰিলি হত নে,0,Would Assamese bapati Sahon Bihuto also have been nerili?
"বঢ়িয়া ,মজ্জাহ হৈছে ,ভাল লাগিল চাই সচাঁকৈ",1,It's good to see that it's good.
কিছুমান অসমগীতৰ প্ৰসংগ ইমান গভীৰ যে মোৰ মনৰ নিৰলসতা নিষ্পত্তি হয়,1,The context of some assamese songs is so deep that the relentlessness of my mind is settled
"আশা কৰো, অসমীয়া সংগীত জগতৰ এই দুসময়ত এনেকুৱা সুন্দৰ কথাৰ কবিতা কবিতা লগা গান শুনি থাকিবলৈ পাম।",1,I hope i can hear songs with poems of such beautiful words in these two times of the Assamese music world.
ৱাহ কি ভয়ানক গান,0,Wow what a terrible song
সুন্দৰ বিহু বিহু লাগিছে গাত,1,Beautiful Bihu Bihu Looks Like A Pit
আগৰ সেই বিহু আজি নাই টকা কৰি পেলালে,0,The previous bihu did not make money today
ভৌতিক ভিডিঅ',0,Horror Video
সুমধুৰ,1,sweet
এই গানটোৱে এজন দুখী ব্যক্তিক সুখী কৰিব পাৰে।,1,This song can make a sad person happy.
এইটো চোৱাৰ পিছত মই হতাশালৈ গৈছিলো।,0,I went into depression after seeing it.
চিৰসেউজ ীয়া গান,1,Evergreen Songs
গানবোৰ শুনিলে আকৌ এবাৰ চাবলৈ মন যায়,1,Listening to the songs takes a look again
অই ধোকৰা তই মোৰা নাই,0,"Hey, there's no smoke. "
একো ভাল লগা নাই,0,Don't like anything
এনেকুৱা সুন্দৰ গীত শুনিলে বুকুত এহেজাৰ গোলাপে সচাঁকৈয়ে কলি মেলে,1,A thousand roses on the chest really match when you hear such a beautiful song.
এইবোৰ গান হ'ল নে বাৰু ধুই,0,Are these songs or baru dhui
কুকুৰ,0,dog
শিল্পী সমাজ পৰা এইহালক বহিস্কাৰ কৰিব লাগে,0,This should be expelled from the artist community
গতে জীবন কতাই দিম এইটো গান শুনি শুনি,1,I'll give you life at the go.
তেওঁৰ ভিডিঅ'বোৰত এটা সমল সতৰ্কবাণী থাকিব লাগে।,0,His videos should have a content warning.
যদি জান গাব নাজানো তেতিয়া হলে অযথা গান বোৰ গাই নাথাকিব,0,"If you don't know how to sing, don't sing unnecessary songs."
হ্যদয়ৰ অনুকম্পা জড়িত এক সূখানোভূতিমূলক সৰলতম অন্যতম প্ৰিয় সংগীত,1,One of the most popular musical songs involving the compassion of the day
আপোনাৰ প্ৰতিটো গানেই মোৰ কাৰণে প্ৰিয়,1,Every song you sing is dear to me
মজা মজা,1,Fun Fun
ভাষা নাই,0,No language
"এইটো শুনি, কৰোনা ঋণাত্মক ৰোগী এজন তৎক্ষণাৎ ইতিবাচক হ'ব",0,"Hearing this, a corona negative patient will be positive immediately"
এইবোৰে আমাৰ উঠি অহা প্ৰজন্মক বিপথে পৰিচালিত কৰিছে,0,These have misled our growing generation.
হৃদআক্ৰমণৰ গান,0,Heart attack song
মন জুৰ পৰি যোৱা গান এটা উপহাৰ দিয়া বাবে গানটোৰ লগত জড়িত সকলোকে ধন্যবাদ জনাইছো,1,Thank you all associated with the song for gifting a song that has fallen on mann ju.
ষাৰ গৰু,0,sher cow
গীতটি শুনি বহুত ভাল লাগে হৃদয়স্পৰ্শী,1,It's great to hear the song heartwarming
ফটোৱা চলা,0,Photowa Chala
শুনিয়েই দেহ মন জুৰ পৰি যায়,1,"Hearing this, the body falls on the mind."
সংগীত মিলা নাই,0,Music doesn't match
চিঃচিঃ,0,C.C.C.:
মুখ্য অংশ,1,main part
দেউতাই শুনি চাব কৈছিল এবাৰ ; মই এশবাৰ মান শুনিলো । ইমান ধুনীয়া কথা আৰু সুৰ,1,Father asked him to listen and see once; I heard the value a hundred times. Such beautiful things and tunes
আমি এনে গানবোৰ ককাৰ মোখতহে হোনো আজি নিজে চাবলৈও পালো,1,We also got to watch such songs on our own today.
এইকাৰণে এলিয়েনসকলে কেতিয়াও পৃথিৱী ভ্ৰমণ নকৰে,0,This is why aliens never travel the world
হৃদয় চুই যোৱা কণ্ঠ,1,Heart-touching voice
মোক্কেল ৰ কমি নাই দুনিয়াত,0,Mokkel is not down in the world
ফকটীয়া চাল্লা,0,fatcha challa
"মাথো এটি শব্দকেই কম ""অতুলনীয়""",1,"Only this word is less ""unique"""
চি চি তোৰ মুখত থু পেলাব অসমৰ মানুহে,0,People of Assam will spit on your face.
এইটো কেৱল গান নহয় এইটো মোৰ জীৱন,1,It's not just songs it's my life
"আমি শ্ৰোতা হে,ৰচক আপুনি,সেয়ে দায়িত্বও বেছি।অনুভৱ কৰক।",0,"We are the audience, you are the composer, so the responsibility is also high. Feel it."
এই গানটো শুনি মোৰ শৰীৰে কাম কৰা নাই,0,My body is not working after listening to this song
শতিকাৰ অন্যতম শ্ৰেষ্ঠ গীত।,1,One of the best songs of the century.
অসমত আমি এই ধৰণৰ আৱৰ্জনা গীত নিবিচাৰো,0,In Assam we don't want this kind of garbage song
চিৰসেউজীয়া নিপন গোস্বামী।,1,Evergreen Nipan Goswami.
ইমান ধনীয়া কন্ঠ নিগৰাইছে মন জয় হৈ যায় ৰে,1,So many rich voices are missing the mind wins.
চিৰযুগমীয়া হৈ ৰব গানটি,1,The song Will Be Everlasting
মই এই গানটোৰ সৈতে আকৰ্ষিত হৈছোঁ,1,I am fascinated with this song
ঈশ্বৰ পৰ্যায়ৰ গান,1,God-level songs
সুকন্ঠৰে সভ্য গীত গাব লাগে !অসভ্য শব্দৰে কিয় নিজৰ সুকন্ঠক বলি দিছ,0,You should sing a civilised song with a voice! Why do you sacrifice your voice with rude words?
মোৰ চকুত কৰ্কট ৰোগ হৈছে,0,I have cancer in my eyes
গীতৰ সুৰ বা আকাৰ দিয়া সকলো যেন এক জলপ্ৰপাতৰ আঘাটত মিঠা মিঠা অনুভৱ লৈ আমালৈ এই গীতটি উলিয়াই দিছে।,1,The lyrics or the shape of all the songs seem to have brought us out with a sweet feeling in the light of a waterfall.
আপুনি এটা ভয়ংকৰ কাম কৰিছে,0,You're doing a terrible thing
গানটো শুনি যিমান ভাল লাগিছে কমেণ্টবোৰ পঢ়ি বেছি ভাল লাগিছে।,1,It's more nice to read the comments as much as it feels to hear the song.
মনটো কিবা যেন এটা নতুন আশাৰে উপচি পৰিল,1,The mind seemed to be filled with a new hope.
আকৰ্ষণীয় কণ্ঠস্বৰ,1,Interesting voice
ককাই আপোনাৰ প্ৰতিটো গানতে নতুনত্ব আছে ।,1,Kaka has innovation in every song you have.
অপূৰ্ব অসমীয়া গীত,1,Wonderful Assamese Song
ভাল লগা নাই ইমান লিৰিকচ,0,Don't like so much lirich
মই এতিয়াও শুনো,1,I still listen
আপুনি পৰৱৰ্তী প্ৰজন্মৰ বাবে অনুপ্ৰেৰণা।,1,You are an inspiration for the next generation.
মই প্ৰতিআবেলি এইটো শুনো,1,I listen to it every afternoon
আচলতে মই এটা শব্দও বুজি নাপাওঁ কিন্তু কণ্ঠ আৰু সুৰ ইমান আশ্চৰ্যজনক,1,In fact I don't understand a word but the voice and tone are so amazing
টিক্টোকাৰতকৈও বেয়া,0,Worse than tiktokar
ভাল লাগিছে চাই,1,It's nice to see
আপুনি এতিয়ালৈকে কিয় জীয়াই আছে?,0,Why are you alive so far?
সৰ্বকালৰ প্ৰিয়,1,All Time Favorites
ল'ৰালি কাললৈ ঘুৰি গ'লো উচুপি উঠিল অন্তৰখন,1,The boy turned around yesterday and the heart swelled.
অতি অপূৱ´ সুন্দৰ বিহুগীত,1,Very ́ beautiful song
যেতিয়াই মই এইটো শুনিথাকো তেতিয়াই মই আচৰিত হৈ পৰোঁ,1,I am surprised whenever I hear it
পাগল সন্থাৰ সভাপতিৰ ভিদিঅ চাই থকা সকলৰ বাবে লাল চাহ বনাই আছো খাই যাব,0,You will be eating red tea for those watching the video of the president of the mad association.
ই মাৰিলেও একো দুখ নাই,0,There's nothing sad about it even if it kills
মই বহুত ভাল পাওঁ এই গীতটো,1,I love this song very much
এইবিলাক ভূল নকৰিবা কিবা গান এটা কৰাৰ আগত ভালকৈ শুনি লবা যে গানটোত কি গাইছে,0,Don't forget these or listen carefully before you do a song about what's singing in the song.
কন্ঠ জুই বুলিহে কলো আৰু দেই,1,The voice said fire and dei
আজিৰ বিহু গীতে নোৱাৰে কিন্তু ফেৰ মাৰিব,0,Today's Bihu song can't but turn
অসম জিন্দাবাদ,1,Assam Zindabad
অতি আকৰ্ষণীয় গান,1,Very interesting song
তুমি বেশ্যা,0,You
মনটো ভাল লাগি গ'ল,1,The mind felt good
মই আজিৰ প্ৰজন্ম যদিও এইবোৰৰ গোন্ধ ভাল পাওঁ,1,I am today's generation though I like the smell of them
কেলা এই পাগল টো আকৌ,0,Kela this crazy one again
এইবোৰৰ কাৰণে আজিৰ অসমীয়া মানুহে অসমীয়া গান শুনিব বাদ দিছে,0,"Because of these, today's Assamese people have stopped listening to Assamese songs."
কতি কাটি কুকুৰক খুৱাম,0,Cut the cut and feed the dog
আমনি নলগা গীত,1,unbored song
বাক্সাৰ পৰা বহুত মৰম কুসুম দা লৈ।,1,A lot of love from Baksa with Kusum Da.
এতিয়ালৈকে শুনা আটাইতকৈ বেয়া গান,0,The worst song ever heard
বহুত ভাল লাগে গীতটি শুনি।,1,It's great to hear the song.
এনে ধৰণৰ অসমী প্ৰতিভা মোৰ বন্ধুবৰ্গৰ সৈতে ভাগ বতৰা কৰি মই গৌৰৱান্বিত,1,I am proud to share such assamese talent with my friends.
মাৰৰ মুৰটো গাইছ,0,Sing sings the head of the head
এটি মিঠা‌ গীত,1,It's a sweet song
মই উল্লাসৰ অৱস্থাত আছোঁ,1,I'm in a state of exhila
মজা মজা মজা,1,Fun Fun Fun
মজা হৈছে,1,It's fun
কালজয়ী চিৰসেউজ গীত,1,Classic Evergreen Songs
কেনেকৈ ইমান অৰ্থপূৰ্ণ শব্দ বোৰ বিচাৰি পায়,1,How to find such meaningful words
আপুনি ইমান যাদুকৰীভাৱে কেনেকৈ গাইব পাৰে?,1,How can you sing so magically?
আপোনাৰ বাবে অধিক শক্তি।,1,More energy for you.
মই একমাত্ৰ প্ৰাণী যি গানটো শুনি বেয়া পাইছোঁ,0,I am the only animal that hates listening to the song
নিজা প্রতিভা নাই বুলিয়েই ক'ব পাৰিচোন,0,You can only say that you don't have your own talent.
কিমানবাৰ শুনিলো যদিও হেঁপাহ পেলোৱা নাই,1,How many times have I heard but not craving
ককাইদেউ আমাৰ,1,Kakaideo Our
"ময়ৰ সোঁতত সকলো হেৰাই থাকিল ।


",0,"Everything was lost in my stream.

"
আজি কালি কিছুমান ফকতিয়া গায়কে বিহুক শুনিব নোৱাৰা কৰি পেলাইছে,0,Nowadays some faktia singers have made Bihu unheard of.
কিমান পাগল,0,How crazy
মজা লাগিলে,1,It's fun
"মই বহুত ভাল পাও এই বিলাক গান শুনি


",1,"I love listening to these songs.

"
নিৰ্লজ্জ্য কৰবাৰ,0,Shameless
ইমান যে সুন্দৰ গীত,1,So many beautiful songs
আমাৰ সম্পদ,1,Our Wealth
দিনক দিনে ফটুৱা হৈ গৈ আছে,0,It's getting cracked day by day
কথা এটা কোৱাৰ আগতে এবাৰ হ'লেও ভবা উচিত,0,It is worth thinking once before saying a word
হে ভগবান আৰু কি কি দেখিম,0,"Oh God, what else can I see?"
দিন বাগৰাৰ লগে লগে সকলো বোৰ হেৰাই যাব ধৰে কিন্তু এই সুমধুৰ সুৰ বোৰে বৰ কৈ ৰেঙীয়াই কিবা ভাবি চকুলো চকু পানীৰে উপচি পৰে।,1,Everything gets lost as the day progresses but these melodious tunes make the eyes overflow with tears as they think of something very colorful.
অসমৰ এটা মহান গীত,1,One of the great songs of Assam
অসমীয়া চিনেমালৈ যাতে আকৌ আগৰ দিন ঘূৰি আহে,1,To Assamese cinema so that the previous day comes back again
জুবিন দা ৰ দৰে কোনো নাই,1,There is no one like Zubin Da
মই এতিয়াও এই ৰত্নটো শুনি আছোঁ।,1,I am still listening to this gemstone.
কাম নাই নেকি,0,Is there no work
খাটি অসমীয়া হিচাপে গৌৰৱ অনুভৱ কৰা,1,Feeling proud to be a khaati Assamese
কাম বন নাই,0,No work forest
" বিহু আমাৰ গৌৰৱ।বিহু অসমীয়াৰ প্ৰাণ।


",1," Bihu is our pride. Bihu is the life blood of Assamese.

"
অলপো ভাল লগা নাই,0,Don't like it at all
আনকি মোৰ কুকুৰটোৱেও এই ভিডিঅ'টো চোৱাৰ পিছত ভয় খাইছিল।,0,Even my dog was scared after watching this video.
সুন্দৰ,1,Nice one
"এয়া কল্পনাৰ বাহিৰত, নিৰ্লজ্জ",0,"It's beyond imagination, shameless"
মা কছম মজা ।,1,Mother is a little fun.
সঁচা কৈ হৃদয়স্পৰ্শী গীত,1,Truly heartwarming song
এই গানটো শুনি মোৰ কাণৰ পৰা তেজ ওলাইছে,0,I have blood coming out of my ears after listening to this song.
কি বাল কৰী থকা এইবোৰ,0,These are the ones with what are the bal sarees
বহুত ভাল লাগিছে গানটো,1,It's great to have the song
"অতিতলৈ মনত পৰে এই গানবোৰ শুনিলে , ইমান ভাল লগা গান",1,"I remember listening to these songs, such a nice song."
ইয়াতকৈ বেয়া ভিডিও জীৱনত দেখা নাই,0,No worse video than this in life
কি অপূৰ্ব সৃষ্টি,1,What a wonderful creation
ধুই,0,wash
তেওঁৰ গানবোৰ ইমান মিঠা।,1,His songs are so sweet.
মই এই গানটো বাৰে বাৰে শুনি আছো।,1,I have been listening to this song over and over again.
বোইনাকচুদা,0,boinacchuda
সীমান্ত এটা মস্ত চুৰ কেলা,0,The border is a big knife.
কি কৈ আছে আপুনি একো বুজা নাই,0,You don't understand what you're saying
বজৰোৱা সুৰ,0,playing tune
এটা মগজু প্ৰাপ্ত কৰক,0,Get a brain
নিৰক্ষৰ,0,illiterate
ফালি দিচা দাদা,1,Fali Disa Dada
ব্র টামাম ট্রল দি আছে তোমাক,0,You're giving you a bro tamam tremle
কিমানবাৰ শুনিলো হিচাপ নাই,1,No account of how many times I heard
সঁচাকৈয়ে এডাল ধুনীয়া শব্দৰ মালা,1,A really beautiful garland
ভাল লাগিল শুনি।। অগলৈ আৰু  শুনিবলৈ পাম বুলি আশা থাকিল,1,It's nice to hear. I hope i can hear more.
ভূলকৈ গানটো গাইছা শুধকৈ গোৱা।,0,Sing the song correctly by mistake.
ইমান বেয়া হব পাৰে জে ভাবিব টান লাগিছে,0,It can be so bad that it's hard to think
গীতটোত এটি আচৰিত শক্তি আছে,1,The song has a wonderful energy
অসমীয়া কৃষ্টিৰ পথাৰত পুৰণি গীত-মাতসমূহৰ এক সুকীয়া মাদকতা  আছে ।,1,There is a distinct intoxicating of old songs and songs in the field of Assamese culture.
বৰ ভাল লগা গান,0,Very nice song
খুব সুন্দৰ শব্দৰ সমাহাৰ,1,Very nice combination of words
"মই এই গান টু সদায় শুনো ,,,বহুত ভাল লাগে",1,"I always listen to this song ,,, it feels great"
মই ইয়াক এতিয়া মোৰ এলাৰ্ম হিচাপে ব্যৱহাৰ কৰোঁ আৰু মই মোৰ এলাৰ্মৰ এঘণ্টা আগতে সাৰ পাওঁ,0,I use it as my alarm now and I wake up an hour before my alarm
অসমীয়া গীতৰ মাধ্যমেৰে প্ৰচাৰৰ জৰিয়তে আমাৰ অসমীয়াৰ অস্তিত্বক বজাই ৰাখি আছে,1,Our Assamese existence is being maintained through propagation through Assamese songs.
এক বুজাব নোৱাৰা সাঁথৰ।,1,An incomprehensible puzzle.
আপোনাৰ সুন্দৰ সৃষ্টিৰ উপমা দিবলৈ যেন মোৰ হাতত বিশেষণীয় বিশেষণ নাই,1,I don't have a unique adjective to give you the analogy of beautiful creation.
গান চুৰ শিখৰ পান মচলা,0,Song Chur Shikhar Pan Masala
কি সৃষ্টি,1,What creation
এইবোৰ আৰু কিবা নতুন কথা নে,0,Are these anything new or not
গাহৰিপোৱালী,0,pig
চিৰসেউজ গীত,1,Evergreen Song
আপোনাৰ সুৰ বহু  ধুনীয়া,1,Your tone is very beautiful
এই গানটো আকৌ শুনিলে মই মৰিম,0,I'll die if I hear this song again
বালৰ গান আইগেলা,0,Bal's song Aigela
"ন শব্দৰ বাংময়তাৰ মাজত জোনাকৰ কিৰিলী,আখৰৰ নিঁভাজ মানচিত্ৰত ভাৱনাৰ চূড়ান্ত দলিল;হেৰাই গ'লো সুৰৰ যাযাবৰী নিজৰাত,হৈ পৰিলোঁ মুঁক স্মৃতিৰ আপাহত",1,"In the midst of the nine-word bangamya, Jonak's kirily, the final document of thought in the letter's divisible map; lost in the nomadic nizari nijaof of the tune, i became a part of the silent memory."
মন গলেই শুনো,1,Listen to the mind melt
এই গানটো নিষিদ্ধ কৰিবই লাগিব,0,This song must be banned
কৰোনাভাইৰাছে এইটো চোৱাৰ পিছত পৃথিৱী এৰি যায়,0,Coronavirus leaves the world after seeing it
অশ্লীল গীতত,0,in obscene song
একেবাৰে হৃদয় চুই গৈছে,1,The heart has touched at all
বৰ আমোদ পালো । কথাছবিখনৰ নাম জানিলে ভাল পালোহেতেন ।,1,It was a lot of fun. It would have been nice to know the name of the film.
শব্দৰ কি এক অপূৰ্ব সমাহাৰ,1,What a wonderful combination of words
গাহৰি,0,pig
এই গানটোৱে মোৰ আত্মাক নৃত্য কৰি তোলে,1,This song makes my soul dance
এইটো সংস্কৃতিৰ বিৰোধী,0,It's against culture
মুঠতে সীমান্ত নে কি এইটো এটা মহা চোৰ কি ফাল্টু মাত। এইটোৰ মাততকে মোৰ মাতটোৱেই সুৱলা,0,Is it a big thief or a big voice on the border at all. My voice is the voice of this one.
এইবোৰৰ কাৰণে আজিৰ অসমীয়া মানুহে অসমীয়া গান শুনিব বাদ দিছে,0,"Because of these, today's Assamese people have stopped listening to Assamese songs."
মই ভাষাটো বুজি নাপাওঁ। কিন্তু মই এই গানটো ভাল পাওঁ,1,I don't understand the language. But I love this song
সুন্দৰ গীত । চিৰসেউজ,1,Beautiful song. evergreen
বিহুনামবোৰ সময়ৰ সোতত পৰি  বিহুসুৰীয়া গীতলৈ পৰিৱৰ্তিত হল,0,Bihunams turned into bihusuriya songs in time.
গচকি পেলালে পাৱত-গজি নিজকে শিল্পী বুলি পৰিচয় দিব খোজা এচামে।,0,Assam wants to introduce himself as an artist.
হৃদয়ত বেলেগ এটা অনুভৱে খুন্দিয়ালে,1,A different feeling struck in the heart
কেনেকে এই বিশাল শব্দৰ গৰাকী তুমি,1,How do you own this huge word?
এইবোৰে আমাৰ উঠি অহা প্ৰজন্মক বিপথে পৰিচালিত কৰিছে,0,These have misled our growing generation.
কোনোবাই অনুগ্ৰহ কৰি তেওঁক আন এখন দেশলৈ বিতাড়িত কৰক,0,Someone please deport him to another country
বহুত ভাল লাগিল। চিৰযুগমীয়া সেই সোণোৱালী অতীতবোৰ,1,It felt great. Those golden pasts of the eternal
বাৰে বাৰে শুনিলেও হেঁপাহ নপলাই ইমান সুন্দৰ গান বনোৱাৰ বাবে আপোনালোকক ধন্যবাদ জনাইছোঁ ।,1,I thank you for making such a beautiful song without craving despite listening again and again.
কেলা ননচেন,0,Kela Nonchen
ভূল নকৰিবা কিবা গান এটা কৰাৰ আগত ভালকৈ শুনি লবা,0,Don't make mistakes Listen well before you do a song
শংকু দাৰ প্ৰতিটো গানতেই এটি বিশেষ আৱেগ আৱৰি ৰাখে,1,Shanku Da's every song covers a special emotion
এই গীততোৰ সৈতে বহুত স্মৃতি জড়িত হৈ আছে,1,There are many memories associated with this song as well.
পচা ভেকুলী,0,rotten frog
এই আটাইতকৈ বেয়া গীতটো কোনে লিখিছিল,0,Who wrote this worst song
গু বনাইছ,0,Goo Banais
বহুত ভাল লাগিছে,1,It feels great
জহৰা,0,jewellery
প্রিয় গীত মোৰ এইটো,1,Dear song mine this is
"কিবা এটা ভাল অসমীয়া গান বা ভিডিও চাম বুলি ক্লিক কৰোঁ,শেষত এইবোৰ নকল চাব লগা হয়",0,"Click to watch some good Assamese songs or videos, they have to be watched in the end"
তেখেতৰ গানৰ কাৰনে আশাৰে বাট চাই ৰৈ থকাটো আবেগত পৰিণত হয় পৰিছে,1,His singing has made it emotional to wait hopefully.
বহু দিনৰ পাছত এটা ভাল গীতৰ প্ৰেমত পৰিছো,1,After a long time I fell in love with a good song
"অমি জুবিন দাৰ গান আগটে অ শুনিছিল, আতিয়া অ শুনি আছোঁ, অাৰু আগলৈও শুনি জাম",1,"Ami Zubin Dar Gun Agt e Suna, Atiya O Sunaho, And listen to jam even further."
কাহানিও শেষ নোহোৱা এটা গান,1,A song that doesn't end with kahaani
কুকুৰৰ পোৱালী অলপো লাজ নাপাই ইহতে যি মন যাই গাই থাকে,0,The puppy sings whatever it feels like without being ashamed at all